Clave,Longitud,Latitud,estaciones,comid
AM06424CC3,-67.500000000000000,5.600000000000000,svpa,610269846
AM09401CC1,-67.049999999999997,1.933000000000000,,620379955
AM09402CC1,-65.802000000000007,3.144000000000000,,610380872
AM09404CC1,-67.140000000000001,3.935000000000000,,610313065
AM09405CC1,-67.667000000000002,4.000000000000000,,610220661
AM09408CC1,-65.216999999999999,5.067000000000000,,610284837
AM09410CC1,-66.167000000000002,5.233000000000000,,610334985
AM09415CC1,-65.250000000000000,2.800000000000000,,610334253
AM09423CP1,-67.417000000000002,5.950000000000000,,610321744
AN01683CC1,-65.213999999999999,10.103000000000000,,610177172
AN01751CC1,-64.629999999999995,10.217000000000001,,610240529
AN01755CC1,-64.816999999999993,9.465000000000000,,610193931
AN01756CP1,-64.530000000000001,10.228000000000000,,610207967
AN01773CC3,-64.683000000000007,10.132999999999999,svbc,610253730
AN01790CC1,-64.566999999999993,10.083000000000000,,610237012
AN01796CC1,-64.388999999999996,10.018000000000001,,610122617
AN02605CP1,-65.501999999999995,9.919000000000000,,610193903
AN02608CP1,-65.164000000000001,9.964000000000000,,610237022
AN02620CP1,-64.730000000000004,7.757000000000000,,610204594
AN02621CP1,-65.387000000000000,8.132000000000000,,610303131
AN02647CP1,-65.486000000000004,9.760999999999999,,610255513
AN02648CC1,-65.197000000000003,9.602000000000000,,610251123
AN02650CP1,-65.009000000000000,9.151000000000000,,610247629
AN02701CP1,-64.034999999999997,9.202000000000000,,610220343
AN02703CP1,-64.739000000000004,9.968000000000000,,610157821
AN02715CP1,-64.533000000000001,9.885000000000000,,610222946
AN02717CP1,-64.352999999999994,9.907999999999999,,610171902
AN02722CP1,-64.744000000000000,9.785000000000000,,610145510
AN02725CP1,-64.533000000000001,9.744000000000000,,610217674
AN02755CP1,-64.293000000000006,9.581000000000000,,610155203
AN02757CP1,-64.483000000000004,9.483000000000001,,610208009
AN02761CP1,-64.721000000000004,9.435000000000000,,610241452
AN02764CP1,-64.483000000000004,9.300000000000001,,610178100
AN02815CP1,-63.783000000000001,9.183000000000000,,610212429
AN03712CC1,-64.715999999999994,8.845000000000002,,610181650
AN03715CC1,-64.216999999999999,8.867000000000003,,610209807
AN03718CP1,-64.870999999999995,8.680999999999999,,610165816
AN03719CP1,-64.436000000000007,8.746000000000000,,610223014
AN03720CP1,-64.608999999999995,8.494000000000000,,610118311
AN03752CP1,-64.727000000000004,8.130000000000003,,610199289
AN03762CP1,-64.885999999999996,8.420999999999999,,610221275
AN03840CP1,-63.366000000000000,8.621000000000000,,610267901
AN04712CC1,-64.775000000000006,7.703000000000000,,610347156
AP04172CC3,-70.750000000000000,7.250000000000000,svgd,610343664
AP04201CP1,-69.781000000000006,7.114000000000000,,610310233
AP04291CC1,-69.483000000000004,7.050000000000000,,610216077
AP04292CC1,-69.343000000000004,8.006000000000000,,610176417
AP04296CC1,-69.140000000000001,7.562000000000000,,610249481
AP04298CP1,-69.325000000000003,7.337000000000000,,610279419
AP04404CC3,-67.469999999999999,7.894000000000000,svsr,610318105
AP05408CC1,-67.266999999999996,6.933000000000000,,610242485
AP05484CC1,-67.450000000000003,6.183000000000000,,610374528
AR00427CC1,-66.783000000000001,9.817000000000000,,610222947
AR00438CP1,-67.579999999999998,10.356999999999999,,610134039
AR00466CC3,-67.638999999999996,10.255000000000001,svbs,610157802
AR00472CP1,-67.584000000000003,10.103999999999999,,610143734
AR01444CP1,-67.320999999999998,10.323000000000000,,610080356
AR01465CP1,-67.269000000000005,10.242000000000001,,610168361
AR01483CC1,-67.439999999999998,10.143000000000001,,610144609
AR01494CC1,-67.500000000000000,10.147000000000000,,610187729
AR01494CC1,-67.500000000000000,10.147000000000000,,610200050
AR02409CP1,-67.177999999999997,9.948000000000000,,610222940
AR02511CP1,-66.918999999999997,9.922000000000001,,610157824
AR02520CC1,-66.956000000000003,9.817000000000000,,610244070
BA03087CP1,-70.554000000000002,8.853000000000000,,610230927
BA03090CP1,-70.445999999999998,8.910000000000000,,610219482
BA03120CC1,-70.034000000000006,8.890000000000002,,610293404
BA03136CP1,-70.320999999999998,8.707000000000003,,610259975
BA03158CP1,-70.088999999999999,8.499000000000002,,610289908
BA03162CP1,-70.352999999999994,8.573000000000000,,610184303
BA03173CP1,-70.105999999999995,8.288000000000000,,610299600
BA03186CP1,-71.052999999999997,7.934000000000000,,610201062
BA03188CP1,-70.936999999999998,8.054000000000000,,610211615
BA03191CP1,-70.768000000000001,8.273999999999999,,610304001
BA03192CP1,-71.239999999999995,7.776000000000000,,610266191
BA03193CP1,-71.417000000000002,7.660000000000000,,610059399
BA03222CP1,-69.864000000000004,8.670999999999999,,610230934
BA03261CP1,-69.997000000000000,8.444000000000003,,610229192
BA03283CP1,-69.784000000000006,8.106000000000000,,610202814
BA03331CC1,-68.370000000000005,8.484000000000000,,610301349
BO03751CP1,-64.352999999999994,8.000000000000000,,610213379
BO03813CC1,-62.716999999999999,8.317000000000000,,610328639
BO03882CC3,-63.536999999999999,8.130000000000003,svcb,610356810
BO03886CP1,-63.631000000000000,8.026000000000000,,610293458
BO03909CP1,-62.652999999999999,8.343999999999999,,610296963
BO03933CC5,-62.649999999999999,8.282999999999999,,610296963
BO03994CC1,-62.383000000000003,8.016999999999999,,610225698
BO04660CP1,-65.641000000000005,7.483000000000000,,610244207
BO04661CP1,-65.510999999999996,7.317000000000000,,610224859
BO04662CP1,-63.957000000000001,7.644000000000000,,610197558
BO04663CP1,-64.849000000000004,6.983000000000000,,610135119
BO04664CC1,-65.131000000000000,7.589000000000000,,610365644
BO04665CP1,-65.605999999999995,7.117000000000000,,610307592
BO04666CP1,-65.793999999999997,7.278000000000000,,610342784
BO04667CC1,-65.180999999999997,7.421000000000000,,610310215
BO04711CP1,-64.188000000000002,7.731000000000000,,610359476
BO04800CP5,-62.917000000000002,6.967000000000000,,610350722
BO04802CP1,-63.277000000000001,7.510000000000000,,610221327
BO04907CP1,-61.490000000000002,7.433000000000000,,610280292
BO04909CC1,-61.826999999999998,7.380000000000000,,610323417
BO04909CC1,-61.826999999999998,7.380000000000000,,610322537
BO04947CP5,-62.531999999999996,7.370000000000000,,610266217
BO04949CP1,-62.073999999999998,7.868000000000000,,610211629
BO04974CC3,-61.283000000000001,7.300000000000000,svtm,610273261
BO05800CP5,-62.600000000000001,6.017000000000000,,610270701
BO05884CC1,-63.564000000000000,6.788000000000000,,610115771
BO05887CC5,-63.332999999999998,6.833000000000000,,610370091
BO05901CP1,-61.432000000000002,6.165000000000000,,610250450
BO05910CC5,-62.850000000000001,6.200000000000000,,610220529
BO05911CC1,-61.167000000000002,6.757000000000000,,610288255
BO05924CC1,-61.631000000000000,6.747000000000000,,610264495
BO06844CP5,-62.567000000000000,5.933000000000000,,610128144
BO06845CP5,-62.767000000000003,5.367000000000000,,610431779
BO06850CC1,-62.335999999999999,5.739000000000000,,610405356
BO06928CC5,-62.883000000000003,6.517000000000000,,610373629
BO06931CC5,-62.616999999999997,5.350000000000000,,610475780
BO06933CC5,-61.716999999999999,5.583000000000000,,610356967
BO06941CP5,-62.883000000000003,6.033000000000000,,610146620
BO06945CP5,-62.250000000000000,5.600000000000000,,610240803
BO07906CC5,-61.767000000000003,5.100000000000000,,610247874
BO07947CC3,-61.113999999999997,4.601000000000000,svse,610351746
CA00412CC1,-67.963999999999999,10.452000000000000,,610156921
CA00452CP1,-67.884000000000000,10.236000000000001,,610162203
CA00480CP1,-67.700000000000003,10.105000000000000,,610141091
CA00491CP1,-67.995000000000005,9.961000000000000,,610161341
CA01368CP1,-68.259000000000000,10.170000000000000,,610134927
CA01370CP1,-68.278000000000006,10.304000000000000,,610150761
CA01385CP1,-68.420000000000002,10.176000000000000,,610149888
CA02404CP1,-67.805999999999997,9.965999999999999,,610073340
CA02501CP1,-67.549999999999997,9.891999999999999,,610175427
CO02303CP1,-68.585999999999999,9.900000000000000,,610120866
CO02308CP1,-68.465999999999994,9.881000000000000,,610163984
CO02311CC1,-68.561999999999998,9.698000000000000,,610060157
CO02316CP1,-68.293999999999997,9.922000000000001,,610170142
CO02336CP1,-68.439999999999998,9.702999999999999,,610153437
CO02338CP1,-68.111999999999995,9.760000000000000,,610229112
CO02342CP1,-68.859999999999999,9.523000000000000,,610247601
CO02348CP1,-68.257999999999996,9.654999999999999,,610168399
CO02349CC1,-68.049999999999997,9.650000000000000,,610141118
CO02350CP1,-68.174999999999997,9.478999999999999,,610174570
CO02364CP1,-68.632999999999996,9.507999999999999,,610221209
CO02378CP1,-68.153000000000006,9.331000000000000,,610073378
CO03303CP1,-68.700000000000003,9.417000000000000,,610144651
CO03304CP1,-68.483000000000004,9.497999999999999,,610155209
CO03309CP1,-68.248000000000005,8.994000000000000,,610164919
CO03332CP1,-68.094999999999999,8.688000000000002,,610282852
DA02911CP1,-61.094000000000001,9.186000000000000,,610242343
DA02912CC1,-62.250000000000000,9.967000000000001,,610233502
DA02914CC1,-62.055999999999997,9.089000000000000,,610153474
DA02920CC8,-61.966999999999999,9.150000000000000,,610165790
DA03905CC1,-60.991999999999997,8.571000000000000,,610316304
DA03906CP1,-61.975000000000001,8.699000000000000,,610188696
DA03907CP1,-61.686000000000000,8.746000000000000,,610275814
DA03941CC8,-62.366999999999997,8.967000000000002,,610270521
DC00525CP9,-66.900000000000006,10.516999999999999,,610080347
DC00531CC4,-66.917000000000002,10.500000000000000,,610168348
DC01425CP1,-67.159999999999997,10.440000000000000,,610141068
FA00115CP1,-70.200000000000003,12.093999999999999,,610022174
FA00117CC1,-70.096000000000004,11.901999999999999,,610020423
FA00168CP1,-70.253000000000000,11.202999999999999,,610079425
FA00182CP1,-70.616000000000000,11.175000000000001,,610085590
FA00198CC1,-70.117000000000004,11.016999999999999,,610116398
FA00213CP1,-69.799999999999997,11.917000000000000,,610018661
FA00219CP1,-68.418000000000006,10.894000000000000,,610078564
FA00224CP1,-69.250000000000000,11.499000000000001,,610033649
FA00225CC1,-69.358999999999995,11.483000000000001,,610035414
FA00226CC1,-69.406000000000006,11.305999999999999,,610049499
FA00228CP1,-69.132000000000005,11.366000000000000,,610045976
FA00230CP1,-69.284000000000006,11.321000000000000,,610045979
FA00236CP1,-69.734999999999999,11.154000000000000,,610048626
FA00237CP1,-69.534000000000006,11.407999999999999,,610038936
FA00238CP1,-69.822000000000003,11.249000000000001,,610053902
FA00241CP1,-69.991000000000000,11.260999999999999,,610083824
FA00247CC1,-69.632000000000005,11.315000000000000,,610042458
FA00250CP1,-69.613000000000000,11.225000000000000,,610035425
FA00251CP1,-69.947999999999993,11.808999999999999,,610014271
FA00255CC1,-69.700000000000003,11.567000000000000,,610045092
FA00256CP1,-69.879999999999995,11.010000000000000,,610077677
FA00270CP1,-69.983000000000004,12.032999999999999,,610021295
FA00396CC1,-68.367000000000004,11.035000000000000,,610104075
FA01123CP1,-70.688000000000002,10.722000000000000,,610073291
FA01152CP1,-70.603999999999999,10.471000000000000,,610126116
FA01153CP1,-70.978999999999999,10.590000000000000,,610124344
FA01218CC1,-69.582999999999998,10.800000000000001,,610104970
FA01303CP1,-68.665999999999997,10.936000000000000,,610126082
GU02415CC1,-66.400000000000006,9.927000000000000,,610156062
GU02425CP1,-66.384000000000000,9.728999999999999,,610237033
GU02431CC1,-67.667000000000002,9.550000000000001,,610164886
GU02440CC3,-67.332999999999998,9.917000000000000,svjm,610207982
GU02448CP1,-67.283000000000001,9.617000000000001,,610227360
GU02469CC1,-67.055999999999997,9.382999999999999,,610303935
GU02493CP1,-67.216999999999999,9.067000000000000,,610177239
GU02499CC1,-65.567999999999998,9.215000000000000,,610179865
GU02503CP1,-66.382999999999996,9.367000000000001,,610145536
GU02505CP1,-66.433000000000007,10.052000000000000,,610103255
GU02507CP1,-66.268000000000001,9.981000000000000,,610141100
GU02513CC1,-66.063999999999993,9.451000000000001,,610252011
GU02528CP1,-66.197999999999993,9.833000000000000,,610179829
GU02539CC1,-66.042000000000002,9.692000000000000,,610217676
GU02562CC3,-66.917000000000002,9.378000000000000,svcz,610153455
GU02589CC1,-66.000000000000000,9.217000000000001,,610107706
GU02602CC1,-65.828999999999994,9.864000000000001,,610206227
GU03400CC1,-67.316999999999993,8.882999999999999,,610283726
GU03436CC6,-67.533000000000001,8.750000000000000,,610214216
GU03502CP1,-66.897000000000006,8.994000000000000,,610290757
GU03506CC1,-66.242000000000004,8.378000000000000,,610189597
GU03601CP1,-65.950000000000003,8.811000000000000,,610204530
LA01174CP1,-70.531000000000006,10.244000000000000,,610132283
LA01175CP1,-70.451999999999998,10.095000000000001,,610186852
LA01177CP1,-70.203999999999994,10.349000000000000,,610158676
LA01186CP1,-70.244000000000000,10.106000000000000,,610211491
LA01203CP1,-69.625000000000000,10.428000000000001,,610135791
LA01204CP1,-69.530000000000001,10.020000000000000,,610146378
LA01209CP1,-69.359999999999999,10.079000000000001,,610178053
LA01227CP1,-69.081999999999994,10.637000000000000,,610125219
LA01261CP1,-69.933000000000007,10.269000000000000,,610215003
LA01261CP1,-69.933000000000007,10.269000000000000,,610207961
LA01268CC1,-69.147000000000006,10.282999999999999,,610176281
LA01272CP1,-69.591999999999999,10.147000000000000,,610058369
LA02108CP1,-70.111000000000004,9.951000000000001,,610151662
LA02119CP1,-70.177999999999997,9.811999999999999,,610171911
LA02139CP1,-69.859999999999999,9.587000000000000,,610211522
LA02201CP1,-69.918999999999997,9.999000000000001,,610161338
LA02204CC1,-69.628000000000000,9.920000000000000,,610204466
LA02205CP1,-69.346999999999994,9.920999999999999,,610157823
LA02208CP1,-69.191999999999993,9.910000000000000,,610161343
LA02209CP1,-69.314999999999998,10.032000000000000,,610186857
LA02219CP1,-69.563999999999993,9.629000000000000,,610178080
LA02233CP1,-69.495999999999995,9.750000000000000,,610116474
LA02241CP1,-69.954999999999998,9.691000000000001,,610176316
LA02252CP1,-69.998000000000005,9.565000000000000,,610201846
LA02275CC1,-67.000000000000000,9.000000000000000,,610236197
LA02288CP1,-69.316999999999993,9.827999999999999,,610154309
ME03001CP1,-71.603999999999999,8.132999999999999,,610048808
ME03005CP1,-71.733999999999995,8.246000000000000,,610230086
ME03024CP1,-71.082999999999998,8.717000000000002,,610189575
ME03027CP1,-70.070999999999998,8.747000000000000,,610254692
ME03030CP1,-71.710999999999999,8.148999999999999,,610260890
ME03038CP1,-71.069000000000003,8.635000000000000,,610261740
ME03040CC1,-71.352999999999994,8.632999999999999,,610159660
ME03052CP1,-71.584999999999994,8.478000000000000,,610269671
ME03072CC1,-70.822999999999993,8.803000000000003,,610178129
ME03098CP1,-70.613000000000000,8.933999999999999,,610186922
ME03112CC1,-70.826999999999998,8.850000000000000,,610193088
ME03114CC1,-70.674000000000007,8.874000000000002,,610206287
ME03122CC6,-70.900000000000006,8.766999999999999,,610183411
ME03132CP1,-71.844999999999999,8.228000000000000,,610192245
ME03133CP1,-71.335999999999999,8.151000000000000,,610288170
ME03133CP1,-71.335999999999999,8.151000000000000,,610268809
ME03134CC1,-71.439999999999998,8.135999999999999,,610227451
ME03135CC1,-71.441999999999993,8.725000000000000,,610193096
ME03142CP1,-71.778000000000006,8.388999999999999,,610191356
ME03166CP1,-70.739000000000004,8.987000000000000,,610212439
ME08057CP1,-71.338999999999999,8.427000000000000,,610222156
ME08072CP1,-71.597999999999999,8.756000000000000,,610209813
ME08075CP1,-71.231999999999999,8.930000000000000,,610179880
MI00544CC3,-66.838999999999999,10.491000000000000,svfm,610178909
MI00549CP1,-66.667000000000002,10.292000000000000,,610205320
MI00560CP1,-66.957999999999998,10.266999999999999,,610180680
MI00563CC1,-66.930999999999997,10.411000000000000,,610148993
MI00572CP1,-66.855999999999995,10.266999999999999,,610184202
MI00585CP1,-66.960999999999999,10.053000000000001,,610127014
MI00588CP1,-66.882999999999996,10.067000000000000,,610127894
MI00589CC1,-67.016999999999996,10.150000000000000,,610162210
MI00597CP1,-66.683000000000007,10.016999999999999,,610133177
MI00623CP1,-66.864000000000004,10.442000000000000,,610083872
MI01448CP1,-67.033000000000001,10.350000000000000,,610195637
MI01488CP1,-67.099999999999994,10.100000000000000,,610149010
MI01508CP1,-66.125000000000000,10.539999999999999,,610146349
MI01510CP1,-66.757000000000005,10.375000000000000,,610145473
MI01515CP1,-66.239000000000004,10.483000000000001,,610074186
MI01516CP1,-66.167000000000002,10.475000000000000,,610133149
MI01534CC1,-66.281999999999996,10.417000000000000,,610178033
MI01542CP1,-66.516999999999996,10.382999999999999,,610192994
MI01546CP1,-66.125000000000000,10.349000000000000,,610211477
MI01555CC1,-66.367999999999995,10.298000000000000,,610148998
MI01582CP1,-66.503000000000000,10.179000000000000,,610130529
MI01586CP1,-66.238000000000000,10.224000000000000,,610262525
MI01661CP1,-65.876999999999995,10.308000000000000,,610201800
MI01662CP1,-66.010999999999996,10.307000000000000,,610183321
MI01671CP1,-65.715000000000003,10.157000000000000,,610198291
MI01682CP1,-65.968999999999994,10.153000000000000,,610222049
MI05027CC1,-66.790000000000006,10.503000000000000,,610105868
MI05037CC1,-66.757999999999996,10.141999999999999,,610247570
MI05191CP9,-66.962999999999994,10.375000000000000,,610150754
MO01810CP1,-63.360999999999997,10.192000000000000,,610226446
MO01859CP1,-63.436000000000000,10.273999999999999,,610127003
MO01874CP1,-63.710999999999999,10.124000000000001,,610186851
MO01883CP1,-63.552999999999997,10.236000000000001,,610148121
MO01886CP1,-63.517000000000003,10.163000000000000,,610141969
MO01889CP1,-63.088999999999999,10.103999999999999,,610144613
MO01897CP1,-63.560000000000002,10.007999999999999,,610179816
MO02802CC1,-63.668999999999997,9.773999999999999,,610164878
MO02809CP1,-63.469000000000001,9.968999999999999,,610211501
MO02810CP1,-63.643999999999998,9.956000000000000,,610217660
MO02811CP1,-63.451000000000001,9.050000000000001,,610261717
MO02827CC3,-63.183000000000000,9.750000000000000,svmt,610238792
MO02831CP1,-63.728000000000002,9.425000000000001,,610177212
MO02835CP1,-63.618000000000002,9.606000000000000,,610193921
MO02836CP1,-63.863999999999997,9.919000000000000,,610168380
MO02840CP1,-63.052999999999997,9.371000000000000,,610202735
MO02850CP1,-63.070999999999998,9.157999999999999,,610274909
MO02915CC1,-62.698999999999998,9.545999999999999,,610270485
MO02980CP1,-62.814000000000000,9.173999999999999,,610183388
MO03820CC1,-63.274000000000001,8.976000000000003,,610302199
MO03938CP1,-62.213000000000001,8.712999999999999,,610162295
MO03939CP8,-64.200000000000003,8.699999999999999,,610237976
NE00791CP1,-64.376999999999995,11.010999999999999,,610072397
NE00795CC1,-64.290999999999997,11.025000000000000,,610072397
NE00881CP1,-63.965000000000003,11.081000000000000,,610072397
NE00882CP1,-63.875999999999998,11.124000000000001,,610072397
NE00893CC1,-63.936000000000000,11.023999999999999,,610072397
NE01740CC1,-64.105999999999995,10.906000000000001,,610099682
NE01806CP1,-63.835999999999999,10.971000000000000,,610077681
NE01831CP1,-63.999000000000002,10.782000000000000,,610095283
PO02239CP1,-69.097999999999999,9.667000000000000,,610054878
PO02248CC6,-69.216999999999999,9.600000000000000,,610146403
PO02253CC1,-69.364999999999995,9.427000000000000,,610154330
PO02259CP1,-69.078999999999994,9.494999999999999,,610187769
PO02266CP1,-69.488000000000000,9.400000000000000,,610156091
PO02273CP1,-69.986000000000004,9.353000000000000,,610163138
PO02277CC6,-69.103999999999999,9.263999999999999,,610177222
PO02282CP1,-69.876000000000005,9.151999999999999,,610259068
PO02286CP1,-69.582999999999998,9.157000000000000,,610170188
PO02299CC3,-69.733000000000004,9.016999999999999,svgu,610168437
PO02331CP1,-68.971000000000004,9.680999999999999,,610251116
PO03214CP1,-69.653000000000006,8.788000000000000,,610326850
PO03216CP1,-69.927000000000007,8.887000000000000,,610226525
PO03273CP1,-69.460999999999999,8.942000000000000,,610178122
SU01705CC1,-64.201999999999998,10.321999999999999,,610142840
SU01716CC9,-63.482999999999997,10.429000000000000,,610126111
SU01735CC3,-64.177000000000007,10.462999999999999,UDO,610194756
SU01820CP1,-63.021999999999998,10.650000000000000,,610124338
SU01828CP1,-63.106000000000002,10.577999999999999,,610126102
SU01829CP1,-63.667000000000002,10.500000000000000,,610190349
SU01839CP1,-63.183000000000000,10.449999999999999,,610107630
SU01841CP1,-63.325000000000003,10.478000000000000,,610114670
SU01844CP1,-63.420999999999999,10.532999999999999,,610129626
SU01857CP1,-63.549999999999997,10.308000000000000,,610148121
SU01858CP1,-63.307000000000002,10.331000000000000,,610171000
SU01869CC1,-63.932000000000002,10.250000000000000,,610146363
SU01872CC1,-63.116999999999997,10.699999999999999,,610099698
SU01873CP1,-63.816000000000003,10.183000000000000,,610145488
SU01875CP1,-64.378000000000000,10.282999999999999,,610124364
SU01876CP1,-64.037999999999997,10.342000000000001,,610222037
SU01890CC1,-64.331000000000003,10.178000000000001,,610190367
SU01922CP1,-62.700000000000003,10.600000000000000,,610099701
SU01928CC3,-62.302999999999997,10.583000000000000,svgi,610166583
TA03061CC1,-72.265000000000001,8.241000000000000,,610212480
TA03073CP1,-71.944999999999993,8.199999999999999,,610201046
TA03081CP1,-72.251999999999995,8.121000000000000,,610211612
TA03082CP1,-72.162999999999997,8.167000000000000,,610281130
TA03094CP1,-72.061000000000007,8.037000000000003,,610209856
TA03097CP1,-71.765000000000001,8.023000000000000,,610247697
TA04012CP1,-72.450000000000003,7.917000000000000,,610313704
TA04014CP1,-72.245999999999995,7.933000000000000,,610215143
TA04018CP1,-72.123999999999995,7.919000000000000,,610200183
TA04022CC3,-72.450000000000003,7.850000000000000,svsa,610307550
TA04024CP1,-72.375000000000000,7.788000000000000,,610167633
TA04037CP1,-72.209999999999994,7.776000000000000,,610268831
TA04051CP1,-72.433000000000007,7.567000000000000,,610218687
TA04057CP1,-71.938000000000002,7.556000000000000,,610326924
TA04058CP1,-71.778000000000006,7.555000000000000,,610198445
TA04059CP1,-71.558999999999997,7.549000000000000,,610279406
TA04083CC1,-72.176000000000002,7.586000000000000,,610253885
TA04085CC1,-71.963999999999999,7.754000000000000,,610297872
TA04091CP1,-71.741000000000000,7.915000000000000,,610310184
TA04092CP1,-71.813999999999993,7.823000000000000,,610321628
TA04093CP1,-71.957999999999998,7.941000000000000,,610212502
TA08052CC1,-71.846999999999994,8.499000000000002,,610222147
TA08054CP1,-71.766999999999996,8.500000000000000,,610244156
TA08065CP1,-72.063000000000002,8.276000000000000,,610219523
TA08066CP1,-71.894000000000005,8.141999999999999,,610195771
TA08067CP1,-71.832999999999998,8.050000000000002,,610224813
TA09006CP1,-72.343000000000004,7.504000000000000,,610247729
TR02113CP1,-70.700999999999993,9.141999999999999,,610047872
TR02127CP1,-70.242999999999995,9.763000000000000,,610189515
TR02129CP1,-70.447999999999993,9.727000000000000,,610170154
TR02136CP1,-70.221999999999994,9.637000000000000,,610162240
TR02141CC1,-70.674000000000007,9.535000000000000,,610144646
TR02166CP1,-70.274000000000001,9.369000000000000,,610149939
TR02172CP1,-70.662000000000006,9.366000000000000,,610052256
TR02185CP1,-70.528000000000006,9.250999999999999,,610171064
TR02190CP1,-70.060000000000002,9.397000000000000,,610163134
TR02196CP1,-70.465999999999994,9.060000000000000,,610170194
VA00508CP1,-66.897999999999996,10.621000000000000,,610080347
VA00515CC3,-66.983000000000004,10.600000000000000,SVMI,610126105
VA01404CP1,-67.349999999999994,10.532999999999999,,610143706
VA05005CP1,-66.736000000000004,10.622999999999999,,610111148
VA05011CC1,-66.579999999999998,10.624000000000001,,610143701
VA09311CC1,-67.132999999999996,10.532999999999999,,610141068
YA01205CP1,-69.016999999999996,10.231000000000000,,610141088
YA01297CC8,-69.135000000000005,10.050000000000001,,610222054
YA01304CP1,-68.552000000000007,10.586000000000000,,610190341
YA01307CP1,-68.423000000000002,10.545999999999999,,610162185
YA01312CP1,-68.674000000000007,10.599000000000000,,610184181
YA01321CP1,-68.992999999999995,10.429000000000000,,610182433
YA01330CP1,-68.683000000000007,10.428000000000001,,610152512
YA01334CP1,-68.545000000000002,10.425000000000001,,610183313
YA01354CC1,-68.802999999999997,10.247999999999999,,610165722
YA01373CP1,-68.560000000000002,10.162000000000001,,610150767
YA01380CP1,-68.430999999999997,10.259000000000000,,610153402
YA01381CC1,-68.870000000000005,10.144000000000000,,610202690
YA06332CP1,-68.826999999999998,10.361000000000001,,610075954
YA06360CP1,-68.751999999999995,10.151999999999999,,610166609
YA06374CP1,-68.549999999999997,10.350000000000000,,610151638
ZU00051CP1,-72.064999999999998,11.365000000000000,,610047735
ZU00088CC1,-72.260000000000005,11.071999999999999,,610094393
ZU00089CC1,-71.969999999999999,11.513000000000000,,610017806
ZU00093CP1,-72.006000000000000,11.039000000000000,,610121675
ZU00096CP1,-71.840000000000003,11.646000000000001,,610031878
ZU01007CP1,-71.730000000000004,10.967000000000001,,610107599
ZU01009CP1,-71.287999999999997,10.887000000000000,,610102324
ZU01010CP1,-72.447000000000003,10.426000000000000,,610165714
ZU01019CP1,-72.203999999999994,10.792000000000000,,610112011
ZU01032CC1,-72.397999999999996,10.618000000000000,,610151620
ZU01043CP1,-71.611000000000004,10.576000000000001,,610107624
ZU01046CP1,-71.641999999999996,10.632999999999999,,610100576
ZU01047CP1,-71.364000000000004,10.244000000000000,,610203561
ZU01058CP1,-71.143000000000001,10.486000000000001,,610125228
ZU01059CP1,-71.019000000000005,10.470000000000001,,610151630
ZU01079CP1,-72.350999999999999,10.840999999999999,,610097044
ZU01084CP1,-71.209999999999994,10.247999999999999,,610155166
ZU01090CP1,-72.655000000000001,10.055000000000000,,610213255
ZU01094CP1,-72.391000000000005,10.013000000000000,,610129656
ZU01099CP1,-72.454999999999998,11.038000000000000,,610062716
ZU01111CP1,-72.364999999999995,10.928000000000001,,610070642
ZU01169CC1,-70.933000000000007,10.081000000000000,,610120853
ZU01931CC1,-71.210999999999999,10.048000000000000,,610185974
ZU02004CC1,-70.899000000000001,9.882999999999999,,610226464
ZU02010CP1,-71.245999999999995,9.070000000000000,,610277555
ZU02021CP1,-72.808000000000007,9.848000000000001,,610210625
ZU02042CP1,-72.581999999999994,9.656000000000001,,610260799
ZU02092CC1,-72.236000000000004,9.058999999999999,,610311875
ZU02099CC1,-71.899000000000001,8.976000000000003,,610267880
ZU02117CC3,-70.933000000000007,9.817000000000000,svmn,610138469
ZU03007CP1,-71.694000000000003,8.875999999999999,,610189564
ZU03011CP1,-72.311000000000007,8.898999999999999,,610313664
ZU03013CP1,-71.981999999999999,8.843999999999999,,610307489
ZU03025CP1,-71.736999999999995,8.760999999999999,,610217731
ZU08042CP1,-72.659000000000006,8.956000000000000,,610265241
ZU08071CP1,-72.159000000000006,8.538000000000000,,610178146
AP04090CC1,-71.917000000000002,7.283000000000000,,610200222
BO05920CC5,-62.832999999999998,6.283000000000000,,610291801
E000008106,-62.655999999999999,8.291000000000000,,610296963
E000008108,-63.049999999999997,7.761000000000000,,610332196
E000008202,-62.892000000000003,6.510000000000000,,610372749
E000008319,-61.752000000000002,5.584000000000000,,610356967
E000008522,-63.347000000000001,6.834000000000000,,610370091
MI01500CP9,-67.167000000000002,10.323000000000000,,610143718
MI00518CP9,-66.641999999999996,10.500000000000000,,610098828
E000PUNTO1,-60.595999999999997,7.123000000000000,,610314633
E000PUNTO2,-60.686000000000000,7.213000000000000,,610260066
E000PUNTO3,-60.776000000000003,5.055000000000000,,610172197
E000PUNTO4,-60.776000000000003,7.753000000000000,,610208993
E000PUNTO5,-60.055999999999997,8.202000000000000,,610183448
E000PUNTO6,-60.776000000000003,8.292000000000000,,610186080
E000PUNTO7,-60.776000000000003,8.022000000000000,,610135939
E000PUNTO8,-60.055999999999997,8.561999999999999,,610235347
E000PUNTO9,-60.055999999999997,8.382000000000000,,610154395
E00PUNTO10,-60.235999999999997,8.382000000000000,,610311917
E00PUNTO11,-60.776000000000003,8.472000000000000,,610333912
E00PUNTO12,-60.506000000000000,8.202000000000000,,610236248
E00PUNTO13,-59.966000000000001,8.112000000000000,,610189611
E00PUNTO14,-60.415999999999997,8.561999999999999,,610303106
E00PUNTO15,-60.686000000000000,8.292000000000000,,610202800
E00PUNTO16,-60.776000000000003,8.651999999999999,,610179897
E00PUNTO18,-59.786000000000001,6.763000000000000,,610319054
E00PUNTO19,-59.786000000000001,7.033000000000000,,610216076
E00PUNTO20,-60.235999999999997,5.864000000000000,,610271590
E00PUNTO21,-59.427000000000000,4.425000000000000,,610278716
E00PUNTO22,-59.156999999999996,1.997000000000000,,610117821
E00PUNTO23,-60.415999999999997,7.753000000000000,,610222193
E00PUNTO24,-58.976999999999997,4.515000000000000,,610344710
E00PUNTO25,-60.776000000000003,5.504000000000000,,610398331
E00PUNTO26,-59.067000000000000,4.965000000000000,,610362282
E00PUNTO27,-59.427000000000000,3.796000000000000,,610266435
E00PUNTO28,-59.606999999999999,7.483000000000000,,610217810
E00PUNTO29,-59.786000000000001,7.303000000000000,,610286462
E00PUNTO31,-58.976999999999997,3.526000000000000,,610127410
E00PUNTO32,-59.067000000000000,7.753000000000000,,610208114
E00PUNTO33,-59.875999999999998,7.663000000000000,,610347159
E00PUNTO34,-58.887000000000000,5.684000000000000,,610256642
E00PUNTO35,-59.247000000000000,6.404000000000000,,610234596
E00PUNTO36,-59.606999999999999,3.076000000000000,,620123958
E00PUNTO37,-59.427000000000000,3.526000000000000,,610149409
E00PUNTO38,-58.527000000000001,2.716000000000000,,610259459
E00PUNTO39,-59.875999999999998,6.853000000000000,,610344569
E00PUNTO40,-59.427000000000000,5.774000000000000,,610288312
E00PUNTO41,-58.616999999999997,5.774000000000000,,610442315
E00PUNTO42,-59.247000000000000,5.774000000000000,,610189755
E00PUNTO43,-59.875999999999998,7.753000000000000,,610289074
E00PUNTO44,-59.875999999999998,5.145000000000000,,610303310
E00PUNTO45,-58.887000000000000,3.886000000000000,,610407227
E00PUNTO46,-59.697000000000003,4.335000000000000,,620099121
E00PUNTO47,-58.707000000000001,3.256000000000000,,610277025
E00PUNTO48,-58.887000000000000,6.943000000000000,,610231043
E00PUNTO48,-58.887000000000000,6.943000000000000,,610230163
E00PUNTO49,-59.247000000000000,5.594000000000000,,610321764
E00PUNTO50,-59.247000000000000,3.166000000000000,,610265589
E00PUNTO51,-58.976999999999997,5.055000000000000,,610315641
E00PUNTO52,-60.595999999999997,6.763000000000000,,610217854
E00PUNTO53,-60.235999999999997,7.213000000000000,,610227509
E00PUNTO54,-59.247000000000000,1.637000000000000,,610072963
E00PUNTO55,-59.966000000000001,5.594000000000000,,610272486
E00PUNTO56,-59.067000000000000,6.673000000000000,,610215219
E00PUNTO57,-58.887000000000000,7.123000000000000,,610330472
E00PUNTO58,-58.887000000000000,5.864000000000000,,610291827
E00PUNTO59,-58.887000000000000,5.324000000000000,,610464341
E00PUNTO60,-60.506000000000000,7.573000000000000,,610315484
E00PUNTO61,-60.055999999999997,6.314000000000000,,610210841
E00PUNTO62,-58.976999999999997,7.303000000000000,,610187902
E00PUNTO64,-59.247000000000000,6.134000000000000,,610181813
E00PUNTO65,-58.707000000000001,6.763000000000000,,610279455
E00PUNTO66,-59.966000000000001,7.393000000000000,,610335736
E00PUNTO67,-59.427000000000000,7.303000000000000,,610228381
E00PUNTO68,-58.796999999999997,6.673000000000000,,610184419
E00PUNTO71,-60.326000000000001,5.235000000000000,,610305063
E00PUNTO72,-59.156999999999996,7.663000000000000,,610182600
E00PUNTO74,-59.875999999999998,2.806000000000000,,620180386
E00PUNTO76,-59.786000000000001,6.044000000000000,,610224057
E00PUNTO77,-59.786000000000001,3.166000000000000,,620100559
E00PUNTO78,-59.697000000000003,6.134000000000000,,610215252
E00PUNTO79,-58.616999999999997,3.346000000000000,,610417822
E00PUNTO80,-58.887000000000000,1.367000000000000,,610053620
E00PUNTO81,-58.616999999999997,2.896000000000000,,610314008
E00PUNTO82,-60.595999999999997,5.954000000000000,,610381584
E00PUNTO83,-58.887000000000000,1.907000000000000,,610100230
E00PUNTO85,-60.146000000000001,7.483000000000000,,610242450
E00PUNTO86,-58.527000000000001,3.886000000000000,,610241789
E00PUNTO87,-60.326000000000001,5.864000000000000,,610234628
E00PUNTO88,-59.606999999999999,3.346000000000000,,620097797
E00PUNTO89,-59.337000000000003,3.256000000000000,,610259426
E00PUNTO90,-59.606999999999999,7.303000000000000,,610242460
E00PUNTO91,-60.686000000000000,5.774000000000000,,610263676
E00PUNTO93,-59.337000000000003,2.087000000000000,,610159177
E00PUNTO94,-58.796999999999997,6.134000000000000,,610261889
E00PUNTO95,-59.067000000000000,1.817000000000000,,610042154
E00PUNTO96,-59.067000000000000,5.954000000000000,,610438783
E00PUNTO97,-58.976999999999997,2.716000000000000,,610189059
E00PUNTO98,-59.606999999999999,6.583000000000000,,610236343
E00PUNTO99,-59.337000000000003,2.896000000000000,,610267368
E0PUNTO100,-60.595999999999997,7.573000000000000,,610294367
E0PUNTO101,-59.247000000000000,7.393000000000000,,610245976
E0PUNTO102,-59.427000000000000,7.932000000000000,,610318983
E0PUNTO103,-60.326000000000001,6.943000000000000,,610243363
E0PUNTO104,-59.067000000000000,6.404000000000000,,610216996
E0PUNTO105,-60.055999999999997,6.224000000000000,,610256607
E0PUNTO106,-59.067000000000000,4.065000000000001,,610272575
E0PUNTO107,-58.258000000000003,2.896000000000000,,610251526
E0PUNTO108,-58.976999999999997,3.166000000000000,,610211031
E0PUNTO109,-58.707000000000001,4.605000000000000,,610243504
E0PUNTO110,-59.337000000000003,2.447000000000000,,610187313
E0PUNTO111,-58.887000000000000,6.224000000000000,,610339329
E0PUNTO112,-60.506000000000000,6.673000000000000,,610270658
E0PUNTO113,-59.067000000000000,5.414000000000000,,610254014
E0PUNTO114,-60.776000000000003,6.583000000000000,,610255703
E0PUNTO115,-60.326000000000001,6.763000000000000,,610240733
E0PUNTO116,-65.003000000000000,4.425000000000000,,610230314
E0PUNTO117,-65.182000000000002,4.335000000000000,,610287521
E0PUNTO118,-65.091999999999999,4.155000000000000,,610224170
E0PUNTO119,-64.373000000000005,3.166000000000000,,610244470
E0PUNTO120,-64.462999999999994,2.986000000000000,,610239202
E0PUNTO121,-65.182000000000002,3.886000000000000,,610376427
E0PUNTO122,-64.373000000000005,3.706000000000000,,610287558
E0PUNTO123,-64.552999999999997,3.526000000000000,,610271729
E0PUNTO124,-64.822999999999993,4.065000000000001,,610291936
E0PUNTO125,-64.733000000000004,2.986000000000000,,610249760
E0PUNTO126,-62.395000000000003,5.594000000000000,,610364004
E0PUNTO127,-63.923000000000002,5.324000000000000,,610302422
E0PUNTO128,-65.003000000000000,6.494000000000000,,610321709
E0PUNTO129,-64.462999999999994,4.065000000000001,,610243532
E0PUNTO130,-63.923000000000002,4.155000000000000,,610244413
E0PUNTO131,-63.564000000000000,4.875000000000000,,610262847
E0PUNTO132,-63.204000000000001,5.954000000000000,,610300623
E0PUNTO133,-63.832999999999998,4.965000000000000,,610428283
E0PUNTO134,-63.293999999999997,4.965000000000000,,610352602
E0PUNTO135,-63.293999999999997,4.245000000000000,,610354406
E0PUNTO136,-64.192999999999998,4.695000000000000,,610308617
E0PUNTO137,-64.552999999999997,4.245000000000000,,610386084
E0PUNTO138,-64.373000000000005,5.594000000000000,,610327042
E0PUNTO139,-64.192999999999998,6.044000000000000,,610272456
E0PUNTO140,-62.484000000000002,4.245000000000000,,610272565
E0PUNTO141,-63.832999999999998,4.785000000000000,,610313893
E0PUNTO142,-63.473999999999997,5.504000000000000,,610261049
E0PUNTO143,-65.091999999999999,6.224000000000000,,610221407
E0PUNTO144,-62.484000000000002,6.583000000000000,,610250427
E0PUNTO145,-63.654000000000003,3.975000000000000,,610242661
E0PUNTO146,-65.003000000000000,6.044000000000000,,610349019
E0PUNTO147,-62.753999999999998,4.245000000000000,,610386088
E0PUNTO148,-64.013000000000005,4.695000000000000,,610116779
E0PUNTO149,-63.204000000000001,5.774000000000000,,610350793
E0PUNTO150,-63.113999999999997,4.245000000000000,,610266407
E0PUNTO151,-62.664000000000001,6.224000000000000,,610231965
E0PUNTO152,-62.484000000000002,5.504000000000000,,610276891
E0PUNTO153,-65.003000000000000,5.145000000000000,,610384272
E0PUNTO154,-62.664000000000001,5.145000000000000,,610264591
E0PUNTO155,-63.293999999999997,5.145000000000000,,610246991
E0PUNTO156,-63.564000000000000,5.864000000000000,,610221427
E0PUNTO157,-64.013000000000005,5.774000000000000,,610288313
E0PUNTO158,-63.113999999999997,6.134000000000000,,610135172
E0PUNTO159,-63.384000000000000,6.044000000000000,,610258378
E0PUNTO161,-64.013000000000005,6.494000000000000,,610216108
E0PUNTO162,-63.384000000000000,6.583000000000000,,610348985
E0PUNTO163,-64.373000000000005,5.504000000000000,,610230250
E0PUNTO164,-64.822999999999993,4.695000000000000,,610280462
E0PUNTO165,-65.632000000000005,6.044000000000000,,610328777
E0PUNTO166,-65.003000000000000,6.494000000000000,,610321709
E0PUNTO167,-66.801000000000002,6.044000000000000,,610232858
E0PUNTO168,-65.721999999999994,6.134000000000000,,610112292
E0PUNTO169,-65.811999999999998,6.943000000000000,,610237202
E0PUNTO170,-65.542000000000002,7.033000000000000,,610218720
E0PUNTO171,-64.462999999999994,7.033000000000000,,610185276
E0PUNTO172,-66.081999999999994,6.494000000000000,,610290030
E0PUNTO173,-65.091999999999999,6.224000000000000,,610221407
E0PUNTO174,-65.451999999999998,6.583000000000000,,610290023
E0PUNTO175,-65.003000000000000,6.044000000000000,,610349019
E0PUNTO176,-65.811999999999998,6.224000000000000,,610219647
E0PUNTO177,-65.272000000000006,7.033000000000000,,610228398
E0PUNTO178,-66.980999999999995,6.224000000000000,,610223166
E0PUNTO179,-66.441000000000003,6.314000000000000,,610268040
E0PUNTO180,-66.620999999999995,6.763000000000000,,610208171
E0PUNTO181,-65.451999999999998,6.134000000000000,,610369253
E0PUNTO182,-66.620999999999995,6.943000000000000,,610197602
E0PUNTO183,-66.710999999999999,6.044000000000000,,610202937
E0PUNTO184,-66.710999999999999,6.224000000000000,,610247806
E0PUNTO185,-66.710999999999999,3.886000000000000,,610225949
E0PUNTO186,-66.531000000000006,3.076000000000000,,610221597
E0PUNTO187,-65.182000000000002,1.547000000000000,,620763878
E0PUNTO188,-65.992000000000004,2.177000000000000,,620201061
E0PUNTO189,-66.801000000000002,5.414000000000000,,610274254
E0PUNTO190,-66.262000000000000,5.055000000000000,,610444995
E0PUNTO191,-67.251000000000005,3.256000000000000,,610220706
E0PUNTO192,-65.451999999999998,1.817000000000000,,610096713
E0PUNTO193,-65.272000000000006,2.626000000000000,,610286744
E0PUNTO194,-67.251000000000005,4.785000000000000,,610364053
E0PUNTO195,-67.700999999999993,4.605000000000000,,610423024
E0PUNTO196,-65.542000000000002,2.357000000000000,,620294620
E0PUNTO197,-65.182000000000002,1.997000000000000,,610152141
E0PUNTO198,-66.171999999999997,3.706000000000000,,610285799
E0PUNTO199,-66.171999999999997,2.087000000000000,,620469386
E0PUNTO200,-66.620999999999995,3.706000000000000,,610254117
E0PUNTO201,-65.902000000000001,3.886000000000000,,610244428
E0PUNTO202,-65.721999999999994,2.267000000000000,,620245090
E0PUNTO203,-67.340999999999994,3.076000000000000,,610327197
E0PUNTO204,-65.721999999999994,3.346000000000000,,610112462
E0PUNTO205,-66.441000000000003,3.796000000000000,,610108033
E0PUNTO206,-66.081999999999994,3.346000000000000,,610242702
E0PUNTO207,-67.521000000000001,5.055000000000000,,610332357
E0PUNTO208,-65.361999999999995,2.447000000000000,,610181156
E0PUNTO209,-67.070999999999998,3.076000000000000,,610210155
E0PUNTO210,-65.542000000000002,3.796000000000000,,610269072
E0PUNTO211,-66.710999999999999,2.716000000000000,,620155624
E0PUNTO212,-65.182000000000002,4.335000000000000,,610287521
E0PUNTO213,-66.081999999999994,3.166000000000000,,610113351
E0PUNTO214,-65.542000000000002,3.526000000000000,,610347410
E0PUNTO215,-66.980999999999995,5.145000000000000,,610246109
E0PUNTO216,-65.091999999999999,4.155000000000000,,610224170
E0PUNTO217,-66.441000000000003,1.098000000000000,,620191487
E0PUNTO218,-66.081999999999994,1.907000000000000,,620430869
E0PUNTO219,-66.081999999999994,1.188000000000000,,620765275
E0PUNTO220,-65.721999999999994,1.188000000000000,,620528603
E0PUNTO221,-65.632000000000005,1.907000000000000,,620479028
E0PUNTO222,-65.632000000000005,5.145000000000000,,610345548
E0PUNTO223,-65.632000000000005,1.277000000000000,,620480438
E0PUNTO224,-66.352000000000004,4.065000000000001,,610291935
E0PUNTO225,-65.811999999999998,5.235000000000000,,610091223
E0PUNTO226,-65.451999999999998,1.188000000000000,,620772155
E0PUNTO227,-65.542000000000002,4.065000000000001,,610116817
E0PUNTO228,-66.801000000000002,3.886000000000000,,610316588
E0PUNTO229,-67.251000000000005,2.896000000000000,,610180249
E0PUNTO230,-66.531000000000006,4.965000000000000,,610347323
E0PUNTO231,-66.801000000000002,2.087000000000000,,620093740
E0PUNTO232,-66.262000000000000,4.785000000000000,,610312132
E0PUNTO233,-66.171999999999997,1.367000000000000,,620166706
E0PUNTO234,-66.262000000000000,1.547000000000000,,620558854
E0PUNTO235,-65.542000000000002,4.245000000000000,,610285765
E0PUNTO236,-65.992000000000004,2.626000000000000,,620176268
E0PUNTO237,-65.992000000000004,1.008000000000000,,620631808
E0PUNTO238,-65.182000000000002,3.886000000000000,,610376427
E0PUNTO239,-66.710999999999999,4.335000000000000,,610308641
E0PUNTO240,-66.531000000000006,1.367000000000000,,620408882
E0PUNTO241,-67.161000000000001,3.256000000000000,,610274385
E0PUNTO242,-65.721999999999994,4.245000000000000,,610284005
E0PUNTO243,-66.081999999999994,4.605000000000000,,610270786
E0PUNTO244,-67.161000000000001,2.626000000000000,,620250573
E0PUNTO245,-67.790000000000006,5.145000000000000,,610276911
E0PUNTO246,-67.070999999999998,4.155000000000000,,610266411
E0PUNTO247,-65.182000000000002,1.907000000000000,,610098467
E0PUNTO248,-66.352000000000004,4.425000000000000,,610094795
E0PUNTO249,-67.430999999999997,4.605000000000000,,610229425
E0PUNTO250,-65.272000000000006,1.277000000000000,,620801046
E0PUNTO251,-67.251000000000005,4.605000000000000,,610361424
E0PUNTO252,-65.992000000000004,1.367000000000000,,620678577
E0PUNTO253,-67.521000000000001,4.875000000000000,,610346448
E0PUNTO254,-66.171999999999997,2.806000000000000,,620148742
E0PUNTO255,-66.710999999999999,3.346000000000000,,610263821
E0PUNTO256,-65.542000000000002,2.806000000000000,,620206532
E0PUNTO257,-65.542000000000002,2.537000000000000,,620173522
E0PUNTO258,-66.352000000000004,2.087000000000000,,620386826
E0PUNTO259,-66.441000000000003,4.245000000000000,,610380805
E0PUNTO260,-65.272000000000006,3.706000000000000,,610323636
E0PUNTO261,-67.340999999999994,2.806000000000000,,610204892
E0PUNTO262,-65.498000000000005,0.627000000000000,,620560276
E0PUNTO263,-65.555999999999997,0.671000000000000,,620560276
E0PUNTO264,-64.462999999999994,2.267000000000000,,610274445
E0PUNTO265,-64.102999999999994,2.806000000000000,,610218975
E0PUNTO266,-64.373000000000005,3.166000000000000,,610244470
E0PUNTO267,-64.462999999999994,2.986000000000000,,610239202
E0PUNTO268,-64.733000000000004,1.367000000000000,,620646929
E0PUNTO269,-63.743000000000002,2.177000000000000,,610263010
E0PUNTO270,-64.192999999999998,2.806000000000000,,610280571
E0PUNTO271,-64.373000000000005,3.706000000000000,,610287558
E0PUNTO272,-64.912999999999997,1.367000000000000,,620645553
E0PUNTO273,-64.552999999999997,3.526000000000000,,610271729
E0PUNTO274,-64.102999999999994,2.177000000000000,,610062373
E0PUNTO275,-64.733000000000004,2.986000000000000,,610249760
E0PUNTO276,-64.013000000000005,1.997000000000000,,610138943
E0PUNTO277,-64.283000000000001,1.637000000000000,,620565732
E0PUNTO278,-61.405000000000001,9.461000000000000,,610177210
E0PUNTO279,-61.225000000000001,9.371000000000000,,610246737
E0PUNTO281,-61.674999999999997,9.641000000000000,,610200963
E0PUNTO282,-61.494999999999997,9.821000000000000,,610151672
E0PUNTO283,-61.854999999999997,9.551000000000000,,610155204
E0PUNTO284,-61.854999999999997,9.281000000000001,,610252901
E0PUNTO285,-62.034999999999997,9.461000000000000,,610196571
E0PUNTO286,-61.045999999999999,9.281000000000001,,610140260
E0PUNTO289,-61.494999999999997,9.281000000000001,,610161382
E0PUNTO290,-61.854999999999997,9.821000000000000,,610208870
E0PUNTO291,-61.585000000000001,9.461000000000000,,610168410
E0PUNTO292,-61.674999999999997,9.281000000000001,,610252025
E0PUNTO293,-61.765000000000001,9.461000000000000,,610164012
E0PUNTO294,-61.314999999999998,9.192000000000000,,610239706
E0PUNTO296,-62.034999999999997,9.821000000000000,,610207990
E0PUNTO297,-62.125000000000000,9.641000000000000,,610233521
E0PUNTO298,-61.134999999999998,8.742000000000003,,610186935
E0PUNTO299,-61.225000000000001,9.012000000000000,,610226516
E0PUNTO300,-61.494999999999997,8.922000000000002,,610302204
E0PUNTO301,-60.956000000000003,8.651999999999999,,610212459
E0PUNTO302,-61.045999999999999,8.292000000000000,,610276722
E0PUNTO303,-61.405000000000001,8.112000000000000,,610317213
E0PUNTO304,-60.776000000000003,8.292000000000000,,610186080
E0PUNTO305,-60.956000000000003,9.012000000000000,,610229157
E0PUNTO306,-60.956000000000003,8.112000000000000,,610256485
E0PUNTO307,-60.776000000000003,8.022000000000000,,610135939
E0PUNTO308,-61.314999999999998,8.561999999999999,,610186065
E0PUNTO309,-61.134999999999998,8.202000000000000,,610261760
E0PUNTO310,-61.405000000000001,8.472000000000000,,610315430
E0PUNTO311,-60.776000000000003,8.832000000000003,,610259969
E0PUNTO312,-61.134999999999998,8.651999999999999,,610290779
E0PUNTO313,-61.134999999999998,8.022000000000000,,610219537
E0PUNTO314,-61.045999999999999,8.022000000000000,,610216897
E0PUNTO315,-61.225000000000001,8.112000000000000,,610316332
E0PUNTO316,-61.314999999999998,8.292000000000000,,610285523
E0PUNTO317,-60.776000000000003,8.472000000000000,,610333912
E0PUNTO318,-61.314999999999998,8.472000000000000,,610302231
E0PUNTO319,-60.506000000000000,8.202000000000000,,610236248
E0PUNTO320,-61.494999999999997,8.112000000000000,,610250331
E0PUNTO321,-61.225000000000001,8.922000000000002,,610164045
E0PUNTO322,-60.415999999999997,8.561999999999999,,610303106
E0PUNTO323,-60.686000000000000,8.292000000000000,,610202800
E0PUNTO324,-60.776000000000003,8.651999999999999,,610179897
E0PUNTO325,-61.405000000000001,8.832000000000003,,610185169
E0PUNTO326,-62.933999999999997,9.911000000000000,,610235264
E0PUNTO327,-62.484000000000002,10.000999999999999,,610152538
E0PUNTO328,-62.573999999999998,9.821000000000000,,610156071
E0PUNTO329,-62.933999999999997,10.271000000000001,,610147241
E0PUNTO330,-62.844000000000001,10.451000000000001,,610140191
E0PUNTO331,-62.753999999999998,10.361000000000001,,610174520
E0PUNTO332,-62.933999999999997,10.090999999999999,,610254612
E0PUNTO333,-67.250000000000000,8.470000000000002,,610185190
E0PUNTO335,-66.799999999999997,8.020000000000000,,610326016
E0PUNTO336,-66.799999999999997,8.560000000000000,,610171985
E0PUNTO337,-67.159999999999997,8.380000000000003,,610179918
E0PUNTO338,-66.980000000000004,8.199999999999999,,610213367
E0PUNTO339,-66.799999999999997,8.199999999999999,,610221285
E0PUNTO340,-66.530000000000001,8.289999999999999,,610275837
E0PUNTO341,-66.620000000000005,9.010000000000000,,610211557
E0PUNTO342,-66.530000000000001,8.830000000000000,,610179010
E0PUNTO343,-66.170000000000002,9.010000000000000,,610095398
E0PUNTO344,-66.260000000000005,8.920000000000000,,610213324
E0PUNTO345,-66.439999999999998,8.830000000000000,,610166688
E0PUNTO346,-66.439999999999998,8.830000000000000,,610166688
E0PUNTO347,-65.180000000000007,8.470000000000002,,610288148
E0PUNTO348,-65.269999999999996,8.470000000000002,,610179910
E0PUNTO349,-65.359999999999999,8.740000000000000,,610182534
E0PUNTO350,-65.090000000000003,8.830000000000000,,610199252
E0PUNTO351,-65.269999999999996,9.100000000000000,,610228270
E0PUNTO352,-65.180000000000007,8.740000000000000,,610200134
E0PUNTO353,-66.079999999999998,7.750000000000000,,610262674
E0PUNTO354,-66.170000000000002,7.930000000000000,,610320743
E0PUNTO355,-65.900000000000006,7.750000000000000,,610209874
E0PUNTO356,-65.900000000000006,7.930000000000000,,610225707
E0PUNTO357,-66.260000000000005,8.020000000000000,,610187859
E0PUNTO358,-66.170000000000002,8.109999999999999,,610201932
E0PUNTO359,-65.810000000000002,8.020000000000000,,610223938
E0PUNTO360,-65.450000000000003,10.090000000000000,,610178934
E0PUNTO361,-65.450000000000003,10.000000000000000,,610101496
E0PUNTO362,-65.629999999999995,10.000000000000000,,610151658
E0PUNTO363,-66.349999999999994,10.090000000000000,,610164852
E0PUNTO364,-65.900000000000006,10.090000000000000,,610171014
E0PUNTO365,-66.079999999999998,10.000000000000000,,610141099
E0PUNTO366,-65.540000000000006,10.090000000000000,,610203575
E0PUNTO367,-66.379999999999995,9.980000000000000,,610169257
E0PUNTO368,-65.760000000000005,10.000000000000000,,610135817
E0PUNTO369,-67.519999999999996,9.010000000000000,,610165799
E0PUNTO370,-67.700000000000003,9.190000000000000,,610171068
E0PUNTO371,-67.340000000000003,9.190000000000000,,610160506
E0PUNTO372,-67.430000000000007,9.100000000000000,,610172832
E0PUNTO373,-67.790000000000006,9.100000000000000,,610253792
E0PUNTO375,-68.599999999999994,6.940000000000000,,610369203
E0PUNTO376,-68.959999999999994,7.750000000000000,,610072595
E0PUNTO377,-68.060000000000002,6.580000000000000,,610361306
E0PUNTO378,-67.519999999999996,7.390000000000000,,610216937
E0PUNTO379,-67.969999999999999,7.120000000000000,,610303193
E0PUNTO380,-68.510000000000005,7.480000000000000,,610279412
E0PUNTO381,-68.780000000000001,6.850000000000000,,610302332
E0PUNTO383,-67.969999999999999,7.660000000000000,,610325162
E0PUNTO384,-67.250000000000000,7.660000000000000,,610223080
E0PUNTO385,-67.250000000000000,7.300000000000000,,610361259
E0PUNTO386,-67.969999999999999,6.310000000000000,,610090280
E0PUNTO387,-68.959999999999994,7.390000000000000,,610294373
E0PUNTO388,-67.069999999999993,7.030000000000000,,610378878
E0PUNTO389,-68.239999999999995,6.580000000000000,,610356906
E0PUNTO390,-67.609999999999999,7.570000000000000,,610362124
E0PUNTO393,-68.239999999999995,7.750000000000000,,610186994
E0PUNTO394,-67.790000000000006,6.310000000000000,,610390360
E0PUNTO395,-68.329999999999998,7.750000000000000,,610295237
E0PUNTO396,-67.790000000000006,7.390000000000000,,610287335
E0PUNTO397,-68.510000000000005,7.660000000000000,,610233637
E0PUNTO398,-67.250000000000000,7.480000000000000,,610212531
E0PUNTO400,-67.879999999999995,6.490000000000000,,610220512
E0PUNTO401,-67.790000000000006,7.030000000000000,,610365678
E0PUNTO402,-68.959999999999994,6.580000000000000,,610233702
E0PUNTO403,-68.599999999999994,7.120000000000000,,610274152
E0PUNTO404,-68.060000000000002,7.210000000000000,,610211667
E0PUNTO405,-68.510000000000005,6.490000000000000,,610228428
E0PUNTO406,-68.060000000000002,7.660000000000000,,610197560
E0PUNTO407,-67.519999999999996,6.580000000000000,,610381545
E0PUNTO408,-67.340000000000003,6.760000000000000,,610332255
E0PUNTO409,-67.519999999999996,6.850000000000000,,610322569
E0PUNTO410,-67.700000000000003,7.750000000000000,,610259156
E0PUNTO411,-67.790000000000006,6.670000000000000,,610193218
E0PUNTO412,-68.329999999999998,7.480000000000000,,610208132
E0PUNTO413,-67.519999999999996,7.210000000000000,,610290865
E0PUNTO414,-67.790000000000006,7.300000000000000,,610237182
E0PUNTO415,-68.689999999999998,7.210000000000000,,610243349
E0PUNTO417,-67.609999999999999,7.750000000000000,,610192273
E0PUNTO418,-66.890000000000001,7.390000000000000,,610247735
E0PUNTO420,-67.340000000000003,6.670000000000000,,610099059
E0PUNTO421,-67.700000000000003,6.490000000000000,,610209070
E0PUNTO422,-68.959999999999994,6.850000000000000,,610259209
E0PUNTO423,-67.069999999999993,7.300000000000000,,610210783
E0PUNTO424,-66.799999999999997,7.840000000000000,,610216908
E0PUNTO425,-69.590000000000003,6.400000000000000,,610298835
E0PUNTO426,-69.319999999999993,6.310000000000000,,610292683
E0PUNTO427,-69.230000000000004,6.670000000000000,,610350740
E0PUNTO428,-69.590000000000003,6.760000000000000,,610210816
E0PUNTO429,-69.409999999999997,6.940000000000000,,610341043
E0PUNTO430,-69.319999999999993,7.120000000000000,,610306712
E0PUNTO431,-69.769999999999996,6.580000000000000,,610355143
E0PUNTO432,-69.319999999999993,6.220000000000000,,610256606
E0PUNTO433,-69.140000000000001,6.940000000000000,,610256559
E0PUNTO434,-70.129999999999995,7.570000000000000,,610193164
E0PUNTO435,-69.500000000000000,7.660000000000000,,610255640
E0PUNTO436,-69.769999999999996,7.300000000000000,,610172064
E0PUNTO437,-69.680000000000007,7.390000000000000,,610303177
E0PUNTO438,-69.859999999999999,7.480000000000000,,610319010
E0PUNTO439,-70.489999999999995,7.300000000000000,,610203743
E0PUNTO440,-70.310000000000002,7.390000000000000,,610266214
E0PUNTO441,-70.849999999999994,7.300000000000000,,610331342
E0PUNTO442,-70.040000000000006,7.300000000000000,,610289981
E0PUNTO443,-69.680000000000007,7.660000000000000,,610268843
E0PUNTO444,-70.760000000000005,7.570000000000000,,610205485
E0PUNTO445,-70.400000000000006,7.840000000000000,,610218670
E0PUNTO446,-69.859999999999999,7.840000000000000,,610312829
E0PUNTO447,-71.120000000000005,7.390000000000000,,610055017
E0PUNTO449,-71.030000000000001,7.660000000000000,,610213399
E0PUNTO450,-70.129999999999995,7.750000000000000,,610302274
E0PUNTO451,-70.670000000000002,7.840000000000000,,610214268
E0PUNTO452,-70.670000000000002,7.300000000000000,,610207262
E0PUNTO453,-69.769999999999996,7.840000000000000,,610207228
E0PUNTO455,-71.750000000000000,7.660000000000000,,610189640
E0PUNTO456,-71.569999999999993,7.660000000000000,,610200203
E0PUNTO457,-71.569999999999993,7.750000000000000,,610259153
E0PUNTO463,-72.200000000000003,8.380000000000003,,610228313
E0PUNTO464,-70.489999999999995,8.470000000000002,,610179028
E0PUNTO465,-70.579999999999998,8.650000000000000,,610179020
E0PUNTO466,-70.760000000000005,8.470000000000002,,610170231
E0PUNTO469,-70.579999999999998,8.289999999999999,,610231839
E0PUNTO470,-70.760000000000005,8.830000000000000,,610200129
E0PUNTO471,-71.209999999999994,8.830000000000000,,610156127
E0PUNTO472,-70.849999999999994,8.650000000000000,,610160540
E0PUNTO473,-71.120000000000005,8.380000000000003,,610186073
E0PUNTO474,-70.849999999999994,8.560000000000000,,610192225
E0PUNTO475,-71.480000000000004,8.830000000000000,,610189568
E0PUNTO476,-71.480000000000004,8.560000000000000,,610188705
E0PUNTO477,-70.939999999999998,8.830000000000000,,610051409
E0PUNTO478,-71.659999999999997,8.650000000000000,,610182539
E0PUNTO480,-71.030000000000001,8.560000000000000,,610199263
E0PUNTO482,-71.030000000000001,8.289999999999999,,610182562
E0PUNTO483,-71.659999999999997,8.380000000000003,,610258236
E0PUNTO484,-71.930000000000007,8.650000000000000,,610281979
E0PUNTO485,-72.019999999999996,8.740000000000000,,610049655
E0PUNTO488,-71.209999999999994,8.550000000000002,,610282865
E0PUNTO489,-70.920000000000002,8.430000000000000,,610155271
E0PUNTO490,-71.260000000000005,8.279999999999999,,610226561
E0PUNTO491,-71.489999999999995,8.279999999999999,,610055841
E0PUNTO492,-71.890000000000001,8.410000000000000,,610281112
E0PUNTO493,-71.030000000000001,9.010000000000000,,610233558
E0PUNTO494,-70.670000000000002,8.920000000000000,,610195723
E0PUNTO495,-70.670000000000002,9.010000000000000,,610171077
E0PUNTO499,-71.659999999999997,9.010000000000000,,610269655
E0PUNTO500,-72.200000000000003,8.920000000000000,,610241486
E0PUNTO501,-71.120000000000005,9.010000000000000,,610206278
E0PUNTO502,-70.829999999999998,9.029999999999999,,610067236
E0PUNTO504,-71.209999999999994,8.020000000000000,,610262659
E0PUNTO505,-71.120000000000005,8.109999999999999,,610255614
E0PUNTO506,-70.129999999999995,9.010000000000000,,610185159
E0PUNTO507,-70.040000000000006,9.010000000000000,,610194837
E0PUNTO508,-70.040000000000006,9.190000000000000,,610198348
E0PUNTO510,-70.129999999999995,9.190000000000000,,610173707
E0PUNTO511,-70.269999999999996,9.170000000000000,,610262586
E0PUNTO512,-70.310000000000002,9.550000000000001,,610200085
E0PUNTO515,-70.849999999999994,9.369999999999999,,610182495
E0PUNTO516,-70.489999999999995,9.460000000000001,,610191285
E0PUNTO517,-70.939999999999998,9.460000000000001,,610198331
E0PUNTO518,-70.760000000000005,9.640000000000001,,610188640
E0PUNTO521,-72.290000000000006,9.640000000000001,,610266079
E0PUNTO522,-72.560000000000002,10.180000000000000,,610212366
E0PUNTO523,-72.739999999999995,9.640000000000001,,610163119
E0PUNTO524,-72.469999999999999,9.730000000000000,,610223832
E0PUNTO525,-71.930000000000007,10.359999999999999,,610208836
E0PUNTO527,-72.019999999999996,10.539999999999999,,610110268
E0PUNTO528,-72.109999999999999,10.449999999999999,,610134908
E0PUNTO529,-72.019999999999996,10.270000000000000,,610182443
E0PUNTO530,-72.920000000000002,9.460000000000001,,610152571
E0PUNTO532,-72.560000000000002,9.190000000000000,,610222109
E0PUNTO533,-72.019999999999996,10.090000000000000,,610177171
E0PUNTO534,-72.379999999999995,10.270000000000000,,610116441
E0PUNTO535,-72.829999999999998,10.539999999999999,,610122584
E0PUNTO536,-72.109999999999999,9.190000000000000,,610224748
E0PUNTO537,-72.019999999999996,9.460000000000001,,610202733
E0PUNTO539,-71.930000000000007,10.539999999999999,,610110265
E0PUNTO540,-72.650000000000006,9.820000000000000,,610139351
E0PUNTO541,-72.290000000000006,10.449999999999999,,610146350
E0PUNTO542,-72.200000000000003,9.820000000000000,,610179826
E0PUNTO543,-72.019999999999996,9.550000000000001,,610241444
E0PUNTO544,-72.650000000000006,10.539999999999999,,610137548
E0PUNTO545,-72.829999999999998,9.279999999999999,,610210664
E0PUNTO546,-73.099999999999994,9.460000000000001,,610178969
E0PUNTO547,-71.750000000000000,9.279999999999999,,610245859
E0PUNTO548,-72.379999999999995,9.550000000000001,,610261686
E0PUNTO549,-72.379999999999995,9.279999999999999,,610184261
E0PUNTO550,-72.469999999999999,9.460000000000001,,610151689
E0PUNTO551,-73.189999999999998,9.369999999999999,,610149055
E0PUNTO552,-72.739999999999995,9.460000000000001,,610218569
E0PUNTO553,-72.920000000000002,9.730000000000000,,610150793
E0PUNTO555,-72.739999999999995,9.010000000000000,,610200118
E0PUNTO556,-71.659999999999997,9.010000000000000,,610269655
E0PUNTO557,-72.290000000000006,9.460000000000001,,610221211
E0PUNTO558,-72.560000000000002,9.369999999999999,,610279295
E0PUNTO559,-72.739999999999995,10.449999999999999,,610119946
E0PUNTO560,-71.750000000000000,10.449999999999999,,610136668
E0PUNTO561,-72.109999999999999,10.090000000000000,,610234373
E0PUNTO562,-72.650000000000006,10.270000000000000,,610114681
E0PUNTO564,-72.379999999999995,9.820000000000000,,610154308
E0PUNTO565,-72.560000000000002,10.000000000000000,,610148139
E0PUNTO566,-72.109999999999999,9.910000000000000,,610204463
E0PUNTO567,-72.819999999999993,10.289999999999999,,610119960
E0PUNTO568,-72.849999999999994,10.060000000000000,,610165734
E0PUNTO569,-73.370000000000005,9.180000000000000,,610144668
E0PUNTO570,-72.109999999999999,10.900000000000000,,610117284
E0PUNTO571,-72.560000000000002,10.720000000000001,,610074173
E0PUNTO572,-72.560000000000002,10.900000000000000,,610069766
E0PUNTO573,-72.200000000000003,10.720000000000001,,610142815
E0PUNTO574,-72.379999999999995,10.720000000000001,,610038974
E0PUNTO577,-72.019999999999996,10.810000000000000,,610092644
E0PUNTO578,-71.930000000000007,10.990000000000000,,610107598
E0PUNTO579,-70.849999999999994,11.080000000000000,,610065353
E0PUNTO582,-70.670000000000002,10.359999999999999,,610060117
E0PUNTO583,-70.489999999999995,10.810000000000000,,610047769
E0PUNTO584,-70.760000000000005,10.539999999999999,,610145462
E0PUNTO585,-70.489999999999995,10.539999999999999,,610122586
E0PUNTO586,-70.670000000000002,11.080000000000000,,610087353
E0PUNTO587,-71.030000000000001,10.810000000000000,,610116411
E0PUNTO588,-70.849999999999994,10.810000000000000,,610090006
E0PUNTO591,-71.030000000000001,10.990000000000000,,610114640
E0PUNTO593,-70.489999999999995,10.449999999999999,,610119952
E0PUNTO594,-71.390000000000001,10.630000000000001,,610110258
E0PUNTO595,-71.209999999999994,10.449999999999999,,610125228
E0PUNTO596,-71.299999999999997,10.630000000000001,,610095299
E0PUNTO597,-71.299999999999997,10.810000000000000,,610130489
E0PUNTO598,-71.390000000000001,10.539999999999999,,610095306
E0PUNTO599,-70.909999999999997,10.470000000000001,,610120830
E0PUNTO601,-71.120000000000005,10.180000000000000,,610187726
E0PUNTO602,-71.030000000000001,10.000000000000000,,610160461
E0PUNTO608,-69.049999999999997,10.539999999999999,,610136663
E0PUNTO610,-69.409999999999997,10.270000000000000,,610141082
E0PUNTO611,-70.040000000000006,9.820000000000000,,610176309
E0PUNTO613,-69.769999999999996,9.730000000000000,,610159593
E0PUNTO615,-69.319999999999993,10.359999999999999,,610139315
E0PUNTO619,-69.140000000000001,9.820000000000000,,610142871
E0PUNTO620,-69.859999999999999,10.539999999999999,,610163947
E0PUNTO622,-69.230000000000004,9.730000000000000,,610117354
E0PUNTO623,-70.310000000000002,10.539999999999999,,610123466
E0PUNTO624,-70.400000000000006,9.910000000000000,,610171021
E0PUNTO625,-69.409999999999997,10.539999999999999,,610181547
E0PUNTO627,-69.769999999999996,10.000000000000000,,610162215
E0PUNTO629,-69.230000000000004,10.180000000000000,,610209726
E0PUNTO631,-69.140000000000001,10.449999999999999,,610156031
E0PUNTO633,-69.049999999999997,10.000000000000000,,610183336
E0PUNTO634,-68.959999999999994,10.090000000000000,,610166615
E0PUNTO635,-68.969999999999999,9.869999999999999,,610242305
E0PUNTO636,-69.200000000000003,10.580000000000000,,610127862
E0PUNTO640,-70.090000000000003,10.539999999999999,,610151624
E0PUNTO642,-68.959999999999994,11.350000000000000,,610023974
E0PUNTO645,-70.219999999999999,11.619999999999999,,610028355
E0PUNTO647,-70.310000000000002,10.900000000000000,,610112886
E0PUNTO650,-68.780000000000001,10.900000000000000,,610126081
E0PUNTO651,-69.230000000000004,11.170000000000000,,610041586
E0PUNTO652,-69.140000000000001,10.990000000000000,,610077680
E0PUNTO653,-68.689999999999998,11.260000000000000,,610068862
E0PUNTO656,-69.230000000000004,11.170000000000000,,610041586
E0PUNTO657,-69.319999999999993,10.990000000000000,,610082956
E0PUNTO658,-70.310000000000002,10.720000000000001,,610110254
E0PUNTO659,-68.870000000000005,10.720000000000001,,610108495
E0PUNTO660,-69.680000000000007,11.440000000000000,,610034533
E0PUNTO661,-70.219999999999999,11.350000000000000,,610062699
E0PUNTO663,-70.219999999999999,11.980000000000000,,610018659
E0PUNTO664,-68.870000000000005,11.080000000000000,,610055669
E0PUNTO665,-69.950000000000003,10.810000000000000,,610074166
E0PUNTO668,-69.500000000000000,11.170000000000000,,610053025
E0PUNTO669,-69.590000000000003,10.900000000000000,,610087363
E0PUNTO671,-70.129999999999995,11.170000000000000,,610064467
E0PUNTO672,-68.959999999999994,10.810000000000000,,610084730
E0PUNTO674,-69.950000000000003,12.160000000000000,,610022169
E0PUNTO677,-69.409999999999997,10.810000000000000,,610110250
E0PUNTO679,-70.400000000000006,11.170000000000000,,610060947
E0PUNTO680,-68.870000000000005,10.630000000000001,,610116422
E0PUNTO682,-68.409999999999997,10.710000000000001,,610156897
E0PUNTO683,-68.480000000000004,11.080000000000000,,610104952
E0PUNTO684,-68.989999999999995,11.180000000000000,,610055669
E0PUNTO685,-69.180000000000007,10.800000000000001,,610109370
E0PUNTO686,-69.180000000000007,10.800000000000001,,610109370
E0PUNTO688,-67.790000000000006,10.449999999999999,,610187711
E0PUNTO690,-67.700000000000003,10.359999999999999,,610075956
E0PUNTO691,-67.430000000000007,10.270000000000000,,610111158
E0PUNTO693,-67.790000000000006,10.090000000000000,,610180694
E0PUNTO694,-68.329999999999998,10.539999999999999,,610177146
E0PUNTO697,-67.879999999999995,10.180000000000000,,610157807
E0PUNTO698,-68.420000000000002,10.449999999999999,,610141072
E0PUNTO700,-67.700000000000003,10.000000000000000,,610148138
E0PUNTO702,-68.870000000000005,10.630000000000001,,610116422
E0PUNTO703,-67.340000000000003,10.449999999999999,,610131390
E0PUNTO706,-68.510000000000005,10.180000000000000,,610150767
E0PUNTO710,-68.420000000000002,10.180000000000000,,610149888
E0PUNTO711,-68.959999999999994,10.090000000000000,,610166615
E0PUNTO714,-68.239999999999995,10.430000000000000,,610170994
E0PUNTO715,-68.159999999999997,10.500000000000000,,610172751
E0PUNTO716,-68.099999999999994,10.430000000000000,,610171873
E0PUNTO719,-68.079999999999998,10.260000000000000,,610156925
E0PUNTO722,-68.549999999999997,10.000000000000000,,610212379
E0PUNTO723,-68.150000000000006,9.920000000000000,,610228223
E0PUNTO724,-68.090000000000003,10.020000000000000,,610178936
E0PUNTO725,-67.980000000000004,10.090000000000000,,610227332
E0PUNTO728,-67.870000000000005,10.369999999999999,,610110278
E0PUNTO729,-67.769999999999996,10.300000000000001,,610119959
E0PUNTO730,-67.739999999999995,10.220000000000001,,610154283
E0PUNTO732,-68.079999999999998,10.260000000000000,,610156925
E0PUNTO734,-67.870000000000005,10.369999999999999,,610110278
E0PUNTO735,-67.769999999999996,10.300000000000001,,610119959
E0PUNTO736,-67.739999999999995,10.220000000000001,,610154283
E0PUNTO738,-67.510000000000005,10.000000000000000,,610074219
E0PUNTO741,-67.599999999999994,10.430000000000000,,610142832
E0PUNTO742,-67.500000000000000,10.350000000000000,,610166602
E0PUNTO743,-67.500000000000000,10.480000000000000,,610145471
E0PUNTO744,-67.209999999999994,10.050000000000001,,610187734
E0PUNTO745,-67.319999999999993,10.119999999999999,,610166611
E0PUNTO746,-67.189999999999998,10.190000000000000,,610146365
E0PUNTO747,-67.349999999999994,10.390000000000001,,610137551
E0PUNTO748,-67.219999999999999,10.500000000000000,,610127869
E0PUNTO750,-67.200000000000003,10.420000000000000,,610074193
E0PUNTO751,-67.189999999999998,10.190000000000000,,610146365
E0PUNTO752,-68.799999999999997,10.060000000000000,,610167495
E0PUNTO754,-68.599999999999994,7.930000000000000,,610201064
E0PUNTO755,-68.870000000000005,7.930000000000000,,610179063
E0PUNTO756,-69.319999999999993,7.930000000000000,,610340104
E0PUNTO757,-68.420000000000002,7.930000000000000,,610223944
E0PUNTO758,-69.590000000000003,8.289999999999999,,610241522
E0PUNTO759,-69.409999999999997,8.289999999999999,,610216882
E0PUNTO762,-70.040000000000006,8.109999999999999,,610213372
E0PUNTO763,-68.780000000000001,7.930000000000000,,610180823
E0PUNTO764,-69.319999999999993,8.560000000000000,,610225664
E0PUNTO765,-69.500000000000000,8.380000000000003,,610289916
E0PUNTO766,-67.969999999999999,8.380000000000003,,610274074
E0PUNTO767,-69.680000000000007,8.650000000000000,,610163180
E0PUNTO768,-68.329999999999998,8.380000000000003,,610217756
E0PUNTO769,-68.150000000000006,8.020000000000000,,610300497
E0PUNTO771,-69.500000000000000,8.560000000000000,,610208066
E0PUNTO774,-68.150000000000006,8.289999999999999,,610325122
E0PUNTO775,-69.680000000000007,8.470000000000002,,610213354
E0PUNTO776,-68.599999999999994,8.199999999999999,,610304887
E0PUNTO778,-69.769999999999996,8.289999999999999,,610276719
E0PUNTO779,-69.950000000000003,8.020000000000000,,610236258
E0PUNTO781,-68.150000000000006,7.930000000000000,,610224824
E0PUNTO782,-68.329999999999998,8.199999999999999,,610238886
E0PUNTO783,-68.150000000000006,8.560000000000000,,610230067
E0PUNTO784,-69.140000000000001,8.109999999999999,,610303133
E0PUNTO785,-68.599999999999994,8.020000000000000,,610233619
E0PUNTO786,-67.969999999999999,8.199999999999999,,610222169
E0PUNTO787,-69.950000000000003,8.830000000000000,,610299569
E0PUNTO788,-68.060000000000002,8.560000000000000,,610319824
E0PUNTO789,-69.319999999999993,8.380000000000003,,610281115
E0PUNTO791,-68.599999999999994,9.190000000000000,,610263456
E0PUNTO792,-68.239999999999995,8.740000000000000,,610246777
E0PUNTO793,-68.060000000000002,9.010000000000000,,610269638
E0PUNTO795,-68.329999999999998,8.650000000000000,,610150860
E0PUNTO796,-68.420000000000002,8.920000000000000,,610246763
E0PUNTO797,-68.329999999999998,9.369999999999999,,610261697
E0PUNTO799,-68.510000000000005,9.279999999999999,,610195703
E0PUNTO800,-68.599999999999994,8.740000000000000,,610074293
E0PUNTO801,-68.420000000000002,9.100000000000000,,610172833
E0PUNTO802,-67.879999999999995,9.460000000000001,,610193055
E0PUNTO803,-67.879999999999995,8.560000000000000,,610307505
E0PUNTO804,-69.140000000000001,9.100000000000000,,610151712
E0PUNTO805,-69.859999999999999,9.460000000000001,,610143771
E0PUNTO806,-69.769999999999996,9.100000000000000,,610060192
E0PUNTO807,-69.680000000000007,9.369999999999999,,610237057
E0PUNTO808,-69.409999999999997,9.190000000000000,,610207136
E0PUNTO809,-70.040000000000006,9.010000000000000,,610194837
E0PUNTO811,-68.959999999999994,9.369999999999999,,610187779
E0PUNTO812,-70.040000000000006,9.190000000000000,,610198348
E0PUNTO813,-69.590000000000003,9.010000000000000,,610085716
E0PUNTO814,-68.689999999999998,9.100000000000000,,610200993
E0PUNTO816,-68.780000000000001,9.190000000000000,,610188666
E0PUNTO817,-69.590000000000003,9.279999999999999,,610233539
E0PUNTO818,-69.409999999999997,9.010000000000000,,610266998
E0PUNTO819,-68.870000000000005,8.199999999999999,,610289927
E0PUNTO821,-68.510000000000005,8.560000000000000,,610286385
E0PUNTO822,-69.680000000000007,8.920000000000000,,610245884
E0PUNTO823,-69.230000000000004,8.920000000000000,,610292521
E0PUNTO826,-69.230000000000004,9.369999999999999,,610200976
E0PUNTO828,-68.870000000000005,8.470000000000002,,610270548
E0PUNTO830,-68.780000000000001,8.920000000000000,,610173724
E0PUNTO831,-68.780000000000001,8.470000000000002,,610180791
E0PUNTO832,-69.140000000000001,8.650000000000000,,610223022
E0PUNTO836,-63.560000000000002,10.630000000000001,,610104985
E0PUNTO837,-63.770000000000003,10.619999999999999,,610190349
E0PUNTO838,-64.230000000000004,10.600000000000000,,610194756
E0PUNTO839,-64.189999999999998,10.990000000000000,,610072397
E0PUNTO841,-64.019999999999996,10.949999999999999,,610072397
E0PUNTO844,-62.399999999999999,10.630000000000001,,610134021
E0PUNTO845,-62.659999999999997,10.720000000000001,,610122580
E0PUNTO846,-63.380000000000003,8.470000000000002,,610173750
E0PUNTO847,-63.920000000000002,8.380000000000003,,610223919
E0PUNTO848,-63.560000000000002,8.199999999999999,,610326006
E0PUNTO849,-63.829999999999998,8.560000000000000,,610174626
E0PUNTO850,-63.649999999999999,8.470000000000002,,610248550
E0PUNTO851,-64.010000000000005,8.380000000000003,,610216874
E0PUNTO852,-63.380000000000003,8.289999999999999,,610321601
E0PUNTO853,-63.740000000000002,8.470000000000002,,610232709
E0PUNTO854,-63.740000000000002,8.289999999999999,,610242399
E0PUNTO855,-66.620000000000005,9.460000000000001,,610192166
E0PUNTO856,-66.620000000000005,9.640000000000001,,610142001
E0PUNTO858,-66.980000000000004,9.550000000000001,,610178084
E0PUNTO859,-66.799999999999997,9.539999999999999,,610198325
E0PUNTO860,-66.879999999999995,9.680000000000000,,610246716
E0PUNTO861,-66.719999999999999,9.410000000000000,,610154335
E000GU2576,-66.299999999999997,9.350000000000000,CHAGUARAMAS,610188656
E000GU7356,-66.390000000000001,9.109999999999999,LAS MERCEDES,610160513
E00CA80472,-67.939999999999998,10.170000000000000,VALENCIA FAV,610156924
E000LA1201,-69.263199999999998,10.012200000000000,BARQUISIMETO,610163976
E00FA80403,-69.679199999999994,11.418100000000001,CORO FAV,610034533
E00ME80437,-71.629700000000000,8.607500000000000,EL VIGIA FAV,610300464
E00ME80438,-71.156899999999993,8.598900000000000,MERIDA FAV,610198382
E00TA80447,-72.450000000000003,7.850000000000000,SAN ANTONIO TACHIRA FAV TA4022,610307550
E00BA80440,-70.250000000000000,8.600000000000000,BARINAS FAV,610218629
E00PO80427,-69.233300000000000,9.550000000000001,ACARIGUA FAV,610166645
E00PO80428,-69.733000000000004,9.016999999999999,GUANARE-AEROPUERTO MONITOR,610168437
E00AP80448,-70.750000000000000,7.250000000000000,GUASDUALITO FAV AP4172,610343664
E00ZU80407,-71.730000000000004,10.550000000000001,MARACAIBO FAV,610142827
E00ZU80476,-71.650000000000006,10.516700000000000,LA CAADA FAV,610143707
E00TR80426,-70.584999999999994,9.341900000000001,VALERA FAV,610266098
E000BO6940,-63.399999999999999,5.316600000000000,KARUM,610448501
E000BO5887,-63.333300000000001,6.833300000000000,LA PARAGUA BO5887,610370091
E000BO5078,-62.655000000000001,8.291000000000000,MACAGUA BO3933,610296963
E000BO6933,-61.716600000000000,5.583300000000000,KAVANAYEN BO6933,610356967
E000BO6931,-62.683300000000003,5.350000000000000,URIMAN,610429139
E00BO80444,-63.536700000000003,8.130000000000003,CIUDAD BOLIVAR FAV BO3882,610356810
E000BO6928,-62.883299999999998,6.516700000000000,AREKUNA,610373629
E0000FA216,-69.930000000000007,11.949999999999999,PUEBLO NUEVO PARAGUANA,610020416
E000TR2156,-70.426100000000005,9.369999999999999,TRUJILLO LICEO,610210656
E000TR2195,-70.656099999999995,9.083299999999999,JAJO,610216835
E000TA4072,-72.095799999999997,7.984400000000000,PARAMO ZUMBADOR,610167622
E000ME3080,-71.184399999999997,8.451400000000000,EL MORRO,610154391
E0000FA279,-69.523099999999999,11.200799999999999,PUEBLO NUEVO LA SIERRA,610053025
E000YA1300,-68.737799999999993,10.363899999999999,SAN FELIPE PLANTA,610139318
E00FA80402,-70.200299999999999,11.698300000000000,PUNTO FIJO,610028355
E00CA80412,-68.010000000000005,10.490000000000000,PUERTO CABELLO,610171873
E000LA1265,-69.459999999999994,10.289999999999999,BOBARE,610156039
E000GU2426,-67.383300000000006,9.250000000000000,LA YEGUERA,610186902
E000GU2465,-67.561700000000002,9.388900000000000,SAN JOSE DE TIZNADOS,610268734
E0APHLUISA,-67.445599999999999,7.704100000000000,HATO SANTA LUISA,610179957
E00TA80475,-72.039699999999996,7.568300000000000,SANTO DOMINGO TCHIRA TA4022,610354204
E000LA1187,-70.081900000000005,10.162800000000001,CARORA GRANJA,610239649
E000BA3127,-70.409999999999997,8.750000000000000,BARINITAS,610166695
E000ZU2041,-72.486099999999993,9.791700000000001,LA GRAN CHINA,610221191
E000ZU1092,-72.562200000000004,10.056400000000000,MACHIQUES GRANJA,610205333
