Clave,Longitud,Latitud,Estaciï¿½n,region,comid,order,latitude,longitude
E000000001,-79.275003310000002,-4.774968170000000,,AMAZONIA,620610106,2,-4.8133333300,-79.1965555000
E000000002,-79.025003310000002,-4.774968170000000,,AMAZONIA,620567449,2,-4.7987777700,-79.0650000000
E000000003,-79.325003310000000,-4.674968170000000,,AMAZONIA,620538548,2,-4.6684444400,-79.2951111000
E000000004,-79.475003310000005,-4.624968170000000,V,SIERRA,670042501,2,-4.6238888800,-79.4883333000
E000000005,-79.425003309999994,-4.574968170000000,V,SIERRA,670067073,2,-4.5805555500,-79.4308888000
E000000006,-79.375003309999997,-4.524968170000000,,SIERRA,670043520,2,-4.5211111100,-79.4064444000
E000000007,-80.375003309999997,-4.474968170000001,,SIERRA,670080381,5,-4.4794444400,-80.3623333000
E000000011,-79.375003309999997,-4.474968170000001,,SIERRA,670042492,2,-4.4351111100,-79.4453333000
E000000012,-79.125003309999997,-4.474968170000001,,AMAZONIA,620659625,2,-4.5246666600,-79.0798888000
E000000013,-78.925003309999994,-4.474968170000001,,AMAZONIA,620771079,2,-4.4342222200,-78.8795555000
E000000014,-79.825003310000000,-4.374968170000000,V,SIERRA,670051705,2,-4.3801111100,-79.8163333000
E000000015,-79.475003310000005,-4.374968170000000,V,SIERRA,670046586,2,-4.4095555500,-79.4508888000
E000000016,-79.175003309999994,-4.374968170000000,V,SIERRA,670054777,2,-4.3497777700,-79.2261111000
E000000017,-80.375003309999997,-4.324968170000000,,SIERRA,670053750,2,-4.2915555500,-80.3838888000
E000000018,-80.025003310000002,-4.324968170000000,,SIERRA,670026104,2,-4.3220000000,-80.0318888000
E000000019,-79.775003310000002,-4.324968170000000,V,SIERRA,670051703,2,-4.2693333300,-79.7842222000
E000000020,-79.675003309999994,-4.324968170000000,V,SIERRA,670039418,2,-4.3942222200,-79.6303333000
E000000021,-79.575003310000000,-4.324968170000000,V,SIERRA,670052727,2,-4.3055555500,-79.5888888000
E000000022,-79.225003310000005,-4.324968170000000,V,SIERRA,670047608,2,-4.3354444400,-79.2264444000
E000000023,-80.175003309999994,-4.274968170000000,V,SIERRA,670072183,5,-4.3350000000,-80.1857777000
E000000024,-79.575003310000000,-4.274968170000000,,SIERRA,670063991,3,-4.2462222200,-79.5796666000
E000000025,-79.425003309999994,-4.274968170000000,V,SIERRA,670046581,2,-4.2615555500,-79.4637777000
E000000026,-79.425003309999994,-4.224968170000001,V,SIERRA,670035316,2,-4.2404444400,-79.4556666000
E000000027,-79.275003310000002,-4.224968170000001,V,SIERRA,670057844,2,-4.2286666600,-79.2754444000
E000000028,-80.425003309999994,-4.174968170000000,,SIERRA,670045555,2,-4.1611111100,-80.4331111000
E000000029,-80.075003310000000,-4.174968170000000,,SIERRA,670050674,2,-4.1716666600,-80.0910000000
E000000030,-80.225003310000005,-4.124968170000000,,SIERRA,670036338,2,-4.1558888800,-80.2594444000
E000000031,-79.975003310000005,-4.124968170000000,V,SIERRA,670055793,2,-4.1465555500,-80.0165555000
E000000032,-79.875003309999997,-4.124968170000000,,SIERRA,670046576,2,-4.1365555500,-79.8788888000
E000000033,-79.475003310000005,-4.124968170000000,,SIERRA,670041458,2,-4.1110000000,-79.5152222000
E000000034,-79.275003310000002,-4.124968170000000,,SIERRA,670049649,2,-4.1672222200,-79.3313333000
E000000035,-79.125003309999997,-4.124968170000000,,AMAZONIA,620612823,2,-4.0880000000,-79.1082222000
E000000036,-79.625003309999997,-4.074968170000000,V,SIERRA,670042480,2,-4.1311111100,-79.5826666000
E000000037,-78.675003309999994,-4.074968170000000,,AMAZONIA,620638963,2,-4.0352222200,-78.6632222000
E000000038,-80.025003310000002,-4.024968170000000,V,SIERRA,670047597,3,-4.0402222200,-80.0201111000
E000000039,-79.975003310000005,-4.024968170000000,,SIERRA,670040429,3,-4.0265555500,-79.9838888000
E000000040,-79.625003309999997,-4.024968170000000,,SIERRA,670042477,2,-4.0158888800,-79.6795555000
E000000041,-79.175003309999994,-4.024968170000000,V,SIERRA,620004625,2,-4.0113333300,-79.1858888000
E000000042,-79.375003309999997,-3.974968170000000,,SIERRA,670052715,3,-3.9932222200,-79.3882222000
E000000043,-79.325003310000000,-3.974968170000000,V,SIERRA,670048619,2,-3.9653333300,-79.3353333000
E000000044,-79.275003310000002,-3.974968170000000,,SIERRA,670048619,2,-3.9653333300,-79.3353333000
E000000045,-79.075003310000000,-3.974968170000000,V,AMAZONIA,620616942,3,-3.9502222200,-79.0477777000
E000000046,-80.375003309999997,-3.924968170000000,,COSTA,670050668,4,-3.9842222200,-80.4037777000
E000000047,-80.225003310000005,-3.924968170000000,,COSTA,670059881,5,-3.9253333300,-80.1810000000
E000000048,-79.875003309999997,-3.924968170000000,,SIERRA,670034282,2,-3.9266666600,-79.8936666000
E000000049,-79.675003309999994,-3.924968170000000,,SIERRA,670033256,2,-3.8524444400,-79.7040000000
E000000050,-79.475003310000005,-3.924968170000000,,SIERRA,670029161,2,-3.9125555500,-79.5115555000
E000000051,-78.675003309999994,-3.924968170000000,V,AMAZONIA,620974700,4,-3.9293333300,-78.6808888000
E000000052,-80.025003310000002,-3.774968170000000,,COSTA,670029156,2,-3.8046666600,-80.0825555000
E000000053,-79.925003309999994,-3.774968170000000,,COSTA,670030180,2,-3.7986666600,-79.9334444000
E000000054,-79.775003310000002,-3.774968170000000,,COSTA,670036324,2,-3.7917777700,-79.7620000000
E000000055,-79.475003310000005,-3.774968170000000,,COSTA,670033251,2,-3.7973333300,-79.4928888000
E000000056,-79.125003309999997,-3.774968170000000,,AMAZONIA,620616931,2,-3.8187777700,-79.1252222000
E000000057,-78.925003309999994,-3.774968170000000,,AMAZONIA,620834339,3,-3.7810000000,-78.8992222000
E000000058,-79.825003310000000,-3.724968170000000,,COSTA,670032225,2,-3.6851111100,-79.8424444000
E000000059,-79.275003310000002,-3.724968170000000,V,SIERRA,620667841,2,-3.7241111100,-79.2684444000
E000000060,-79.725003310000005,-3.674968170000000,V,COSTA,670035296,2,-3.7181111100,-79.7552222000
E000000061,-79.625003309999997,-3.674968170000000,V,COSTA,670042463,3,-3.7283333300,-79.6356666000
E000000062,-79.225003310000005,-3.624968170000000,V,SIERRA,670038366,2,-3.6102222200,-79.2215555000
E000000063,-78.575003310000000,-3.624968170000000,V,AMAZONIA,620579771,2,-3.6195555500,-78.5663333000
E000000064,-80.475003310000005,-3.574968170000000,,COSTA,670029146,2,-3.5112222200,-80.2355555000
E000000065,-79.925003309999994,-3.574968170000000,,COSTA,670033245,2,-3.5204444400,-79.9573333000
E000000066,-79.825003310000000,-3.574968170000000,,COSTA,670032221,2,-3.5816666600,-79.9024444000
E000000067,-79.475003310000005,-3.574968170000000,,SIERRA,670040414,2,-3.6304444400,-79.5413333000
E000000068,-79.125003309999997,-3.574968170000000,,SIERRA,670057819,2,-3.5122222200,-79.1528888000
E000000069,-78.975003310000005,-3.574968170000000,,AMAZONIA,620003224,2,-3.5443333300,-78.9636666000
E000000070,-80.175003309999994,-3.524968170000000,V,COSTA,670034264,2,-3.4488888800,-80.1657777000
E000000071,-79.875003309999997,-3.524968170000000,,COSTA,670025050,2,-3.5065555500,-79.8895555000
E000000072,-79.775003310000002,-3.424968170000000,,COSTA,670027094,2,-3.4088888800,-79.7853333000
E000000073,-79.325003310000000,-3.424968170000000,,SIERRA,670045528,5,-3.4208888800,-79.3032222000
E000000074,-79.125003309999997,-3.424968170000000,,SIERRA,670036311,2,-3.4141111100,-79.1201111000
E000000075,-78.875003309999997,-3.424968170000000,,AMAZONIA,620541232,2,-3.4566666600,-78.7777777000
E000000076,-80.225003310000005,-3.374968170000000,,COSTA,670040407,3,-3.3398888800,-80.2288888000
E000000077,-78.575003310000000,-3.374968170000000,V,AMAZONIA,620698095,2,-3.3954444400,-78.5768888000
E000000078,-80.275003310000002,-3.324968170000000,,COSTA,670040407,3,-3.3398888800,-80.2288888000
E000000079,-79.825003310000000,-3.324968170000000,V,COSTA,670042451,6,-3.1896666600,-79.9092222000
E000000080,-79.725003310000005,-3.324968170000000,,COSTA,670032213,3,-3.3180000000,-79.7341111000
E000000081,-79.625003309999997,-3.324968170000000,,COSTA,670033235,6,-3.3211111100,-79.6275555000
E000000082,-79.575003310000000,-3.324968170000000,V,COSTA,670030163,6,-3.3247777700,-79.5798888000
E000000083,-78.275003310000002,-3.324968170000000,,AMAZONIA,620597644,2,-3.3455555500,-78.2325555000
E000000084,-79.925003309999994,-3.274968170000000,V,COSTA,670019921,2,-3.2518888800,-79.9206666000
E000000085,-79.275003310000002,-3.274968170000000,V,SIERRA,670016849,2,-3.2838888800,-79.2793333000
E000000086,-79.225003310000005,-3.224968170000000,,SIERRA,670030158,3,-3.2295555500,-79.2181111000
E000000087,-78.975003310000005,-3.224968170000000,,SIERRA,670021969,2,-3.2560000000,-78.9822222000
E000000088,-78.775003310000002,-3.224968170000000,,AMAZONIA,620582502,2,-3.2190000000,-78.7634444000
E000000089,-79.475003310000005,-3.174968170000000,,SIERRA,670018894,2,-3.1873333300,-79.4794444000
E000000090,-79.125003309999997,-3.174968170000000,V,SIERRA,670021966,2,-3.2131111100,-79.1404444000
E000000091,-79.875003309999997,-3.124968170000000,,COSTA,670026059,3,-3.0926666600,-79.8540000000
E000000092,-79.725003310000005,-3.074968170000000,V,SIERRA,670012746,2,-3.0623333300,-79.7637777000
E000000093,-78.575003310000000,-3.074968170000000,,AMAZONIA,620685694,2,-3.0594444400,-78.5420000000
E000000094,-79.475003310000005,-3.024968170000000,,SIERRA,670011721,2,-3.0472222200,-79.4771111000
E000000095,-79.325003310000000,-3.024968170000000,,SIERRA,620611386,2,-2.9982222200,-79.2926666000
E000000096,-79.125003309999997,-3.024968170000000,,SIERRA,620739354,2,-2.9887777700,-79.0720000000
E000000097,-78.975003310000005,-3.024968170000000,,SIERRA,620740730,2,-3.0072222200,-79.0387777000
E000000098,-78.775003310000002,-3.024968170000000,V,SIERRA,620556348,2,-3.0058888800,-78.7656666000
E000000099,-78.025003310000002,-3.024968170000000,,AMAZONIA,621057211,7,-3.0585555500,-78.0262222000
E000000100,-80.125003309999997,-2.974968170000000,,COSTA,670018887,2,-3.0124444400,-80.1625555000
E000000101,-79.625003309999997,-2.974968170000000,,COSTA,670027079,3,-2.9763333300,-79.6992222000
E000000102,-79.125003309999997,-2.924968170000000,,SIERRA,620843927,3,-2.9333333300,-79.1163333000
E000000103,-79.675003309999994,-2.874968170000000,,COSTA,670020930,2,-2.8418888800,-79.7823333000
E000000104,-79.525003310000002,-2.874968170000000,,COSTA,670014786,2,-2.8918888800,-79.5305555000
E000000105,-79.325003310000000,-2.874968170000000,,SIERRA,670019908,2,-2.9196666600,-79.4148888000
E000000106,-79.075003310000000,-2.874968170000000,V,SIERRA,620797139,3,-2.8766666600,-79.0724444000
E000000107,-78.975003310000005,-2.874968170000000,V,SIERRA,620889331,3,-2.8876666600,-78.9542222000
E000000108,-78.775003310000002,-2.874968170000000,V,SIERRA,620920979,4,-2.8601111100,-78.7724444000
E000000109,-80.225003310000005,-2.824968170000000,,COSTA,670013761,2,-2.8762222200,-80.1385555000
E000000110,-80.125003309999997,-2.824968170000000,,COSTA,670013761,2,-2.8762222200,-80.1385555000
E000000111,-79.125003309999997,-2.824968170000000,V,SIERRA,620783377,2,-2.8435555500,-79.1251111000
E000000112,-79.025003310000002,-2.824968170000000,,SIERRA,620005938,2,-2.8697777700,-78.9768888000
E000000113,-78.925003309999994,-2.824968170000000,V,SIERRA,620746223,2,-2.8284444400,-78.8803333000
E000000114,-78.875003309999997,-2.824968170000000,,SIERRA,620805392,3,-2.8284444400,-78.8803333000
E000000115,-78.675003309999994,-2.824968170000000,V,SIERRA,620583857,2,-2.8195555500,-78.6547777000
E000000116,-79.025003310000002,-2.774968170000000,,SIERRA,620008686,2,-2.7738888800,-79.0130000000
E000000117,-78.775003310000002,-2.774968170000000,V,SIERRA,620626508,2,-2.7834444400,-78.7577777000
E000000118,-79.925003309999994,-2.724968170000000,,COSTA,670024000,3,-2.7764444400,-79.8068888000
E000000119,-79.025003310000002,-2.724968170000000,V,SIERRA,620746217,2,-2.7556666600,-79.0126666000
E000000120,-78.875003309999997,-2.724968170000000,V,SIERRA,620747595,3,-2.7246666600,-78.8658888000
E000000121,-78.625003309999997,-2.724968170000000,V,SIERRA,620930603,5,-2.7015555500,-78.6295555000
E000000122,-78.325003310000000,-2.724968170000000,V,AMAZONIA,620959499,5,-2.7440000000,-78.3028888000
E000000123,-79.625003309999997,-2.674968170000000,V,COSTA,670005563,2,-2.6488888800,-79.6743333000
E000000124,-79.475003310000005,-2.674968170000000,,COSTA,670037305,2,-2.5967777700,-79.5450000000
E000000125,-79.325003310000000,-2.674968170000000,,SIERRA,670016827,2,-2.6463333300,-79.3394444000
E000000126,-79.125003309999997,-2.674968170000000,,SIERRA,670017852,2,-2.6751111100,-79.1800000000
E000000127,-78.425003309999994,-2.674968170000000,,AMAZONIA,620616873,2,-2.6748888800,-78.3683333000
E000000128,-77.875003309999997,-2.674968170000000,,AMAZONIA,620524677,2,-2.5973333300,-77.9007777000
E000000129,-77.475003310000005,-2.674968170000000,,AMAZONIA,621021416,4,-2.6974444400,-77.4938888000
E000000130,-78.625003309999997,-2.624968170000000,,SIERRA,620967750,5,-2.5933333300,-78.6217777000
E000000131,-77.075003310000000,-2.624968170000000,,AMAZONIA,620768224,2,-2.7003333300,-77.0441111000
E000000132,-80.375003309999997,-2.574968170000000,,COSTA,670030136,2,-2.6258888800,-80.3596666000
E000000133,-79.575003310000000,-2.574968170000000,,COSTA,670045496,2,-2.6313333300,-79.6163333000
E000000134,-79.375003309999997,-2.574968170000000,,COSTA,670038329,2,-2.5568888800,-79.3725555000
E000000135,-78.925003309999994,-2.574968170000000,V,SIERRA,670041398,2,-2.5261111100,-78.9382222000
E000000136,-78.875003309999997,-2.574968170000000,,SIERRA,670047544,4,-2.5678888800,-78.8787777000
E000000137,-78.775003310000002,-2.574968170000000,,SIERRA,670028088,2,-2.5833333300,-78.8106666000
E000000138,-78.625003309999997,-2.574968170000000,V,SIERRA,620786115,3,-2.5933333300,-78.6217777000
E000000139,-78.575003310000000,-2.574968170000000,V,SIERRA,620989764,5,-2.5571111100,-78.5682222000
E000000140,-78.525003310000002,-2.574968170000000,,AMAZONIA,620976006,5,-2.5741111100,-78.5027777000
E000000141,-76.825003310000000,-2.574968170000000,,AMAZONIA,621013154,6,-2.5703333300,-76.8014444000
E000000142,-79.525003310000002,-2.524968170000000,V,COSTA,670061878,4,-2.5476666600,-79.5673333000
E000000143,-78.875003309999997,-2.524968170000000,V,SIERRA,670044470,3,-2.5362222200,-78.8750000000
E000000144,-78.425003309999994,-2.524968170000000,,AMAZONIA,620541184,2,-2.5135555500,-78.3841111000
E000000145,-79.225003310000005,-2.474968170000000,,SIERRA,670043443,3,-2.4613333300,-79.2311111000
E000000146,-79.075003310000000,-2.474968170000000,V,SIERRA,670050612,2,-2.5012222200,-79.0613333000
E000000147,-79.375003309999997,-2.424968170000000,,SIERRA,670031156,2,-2.4338888800,-79.3848888000
E000000148,-79.125003309999997,-2.424968170000000,,SIERRA,670044466,2,-2.4246666600,-79.1285555000
E000000149,-77.525003310000002,-2.374968170000000,,AMAZONIA,620757206,3,-2.4064444400,-77.4515555000
E000000150,-77.125003309999997,-2.374968170000000,,AMAZONIA,620620986,2,-2.4308888800,-77.1382222000
E000000151,-80.425003309999994,-2.324968170000000,,COSTA,670043439,2,-2.3467777700,-80.4635555000
E000000152,-79.475003310000005,-2.324968170000000,,COSTA,670052654,2,-2.2991111100,-79.5672222000
E000000153,-79.325003310000000,-2.324968170000000,,COSTA,670068015,3,-2.3584444400,-79.3681111000
E000000154,-78.925003309999994,-2.324968170000000,V,SIERRA,670053678,3,-2.2680000000,-78.9483333000
E000000155,-78.575003310000000,-2.324968170000000,,AMAZONIA,620571444,2,-2.2907777700,-78.4927777000
E000000156,-78.475003310000005,-2.324968170000000,,AMAZONIA,620572820,2,-2.3293333300,-78.4693333000
E000000157,-77.825003310000000,-2.324968170000000,,AMAZONIA,620541174,2,-2.3392222200,-77.7977777000
E000000158,-76.725003310000005,-2.324968170000000,,AMAZONIA,620601719,2,-2.3474444400,-76.6834444000
E000000159,-80.425003309999994,-2.274968170000000,,COSTA,670048557,2,-2.2881111100,-80.4404444000
E000000160,-79.925003309999994,-2.274968170000000,,COSTA,670045483,3,-2.2821111100,-79.9158888000
E000000161,-79.875003309999997,-2.274968170000000,,COSTA,670019886,2,-2.2864444400,-79.8886666000
E000000161,-79.875003309999997,-2.274968170000000,,COSTA,670068013,2,-2.2984444400,-79.9141111000
E000000162,-78.925003309999994,-2.274968170000000,V,SIERRA,670086444,4,-2.2644444400,-78.9303333000
E000000163,-78.875003309999997,-2.274968170000000,,SIERRA,670073132,4,-2.2444444400,-78.8795555000
E000000164,-78.775003310000002,-2.274968170000000,V,SIERRA,670069037,2,-2.2725555500,-78.7666666000
E000000165,-78.175003309999994,-2.274968170000000,,AMAZONIA,620773715,2,-2.3438888800,-78.1297777000
E000000166,-78.125003309999997,-2.274968170000000,V,AMAZONIA,620773715,2,-2.3438888800,-78.1297777000
E000000167,-76.425003309999994,-2.274968170000000,,AMAZONIA,620810865,2,-2.2194444400,-76.4644444000
E000000168,-80.825003310000000,-2.224968170000000,,COSTA,670003499,2,-2.2418888800,-80.7964444000
E000000169,-80.575003310000000,-2.224968170000000,,COSTA,670052651,3,-2.2492222200,-80.5798888000
E000000170,-80.125003309999997,-2.224968170000000,,COSTA,670053673,3,-2.2230000000,-80.1325555000
E000000171,-79.925003309999994,-2.224968170000000,,COSTA,670045483,3,-2.2821111100,-79.9158888000
E000000172,-79.875003309999997,-2.224968170000000,,COSTA,670086442,6,-2.2376666600,-79.8745555000
E000000173,-79.425003309999994,-2.224968170000000,,COSTA,670042411,2,-2.2381111100,-79.4270000000
E000000174,-78.825003310000000,-2.224968170000000,V,SIERRA,670049579,4,-2.2402222200,-78.8255555000
E000000175,-80.475003310000005,-2.174968170000000,,COSTA,670048553,2,-2.2005555500,-80.4871111000
E000000176,-80.025003310000002,-2.174968170000000,,COSTA,670050602,3,-2.1997777700,-80.0125555000
E000000177,-79.975003310000005,-2.174968170000000,,COSTA,670052650,2,-2.2362222200,-79.9445555000
E000000178,-79.875003309999997,-2.174968170000000,V,COSTA,670081320,5,-2.1778888800,-79.8684444000
E000000179,-79.325003310000000,-2.174968170000000,,COSTA,670084394,5,-2.1871111100,-79.3337777000
E000000180,-79.125003309999997,-2.174968170000000,,COSTA,670076202,2,-2.1201111100,-79.3306666000
E000000181,-78.975003310000005,-2.174968170000000,,SIERRA,670047529,2,-2.1485555500,-79.0337777000
E000000182,-78.825003310000000,-2.174968170000000,,SIERRA,670065960,3,-2.1675555500,-78.8371111000
E000000183,-78.575003310000000,-2.174968170000000,,SIERRA,620600335,2,-2.1167777700,-78.5860000000
E000000184,-78.425003309999994,-2.174968170000000,,AMAZONIA,620611340,2,-2.1696666600,-78.4024444000
E000000185,-79.575003310000000,-2.124968170000000,V,COSTA,670073128,3,-2.1294444400,-79.5735555000
E000000186,-77.925003309999994,-2.074968170000000,,AMAZONIA,620715911,2,-1.9781111100,-77.8758888000
E000000187,-80.625003309999997,-2.024968170000000,,COSTA,670056739,3,-2.0167777700,-80.6285555000
E000000188,-79.975003310000005,-2.024968170000000,,COSTA,670052644,3,-1.9893333300,-79.9958888000
E000000188,-79.975003310000005,-2.024968170000000,,COSTA,670051621,3,-2.0296666600,-79.9860000000
E000000189,-78.975003310000005,-2.024968170000000,,SIERRA,670043427,3,-2.0677777700,-78.9968888000
E000000190,-79.325003310000000,-1.974968170000000,,COSTA,670040352,2,-1.8764444400,-79.3660000000
E000000191,-79.075003310000000,-1.974968170000000,,SIERRA,670033185,2,-1.9694444400,-79.1362222000
E000000192,-78.775003310000002,-1.974968170000000,,SIERRA,620711780,2,-1.9720000000,-78.7191111000
E000000193,-78.175003309999994,-1.974968170000000,,AMAZONIA,620735172,2,-1.9365555500,-78.1717777000
E000000194,-77.425003309999994,-1.974968170000000,,AMAZONIA,620681509,2,-2.1035555500,-77.4350000000
E000000195,-77.075003310000000,-1.974968170000000,,AMAZONIA,620651236,2,-2.0058888800,-77.0234444000
E000000196,-76.725003310000005,-1.974968170000000,,AMAZONIA,620554914,2,-1.9797777700,-76.7105555000
E000000197,-76.375003309999997,-1.974968170000000,,AMAZONIA,620682885,2,-2.0165555500,-76.3625555000
E000000198,-80.675003309999994,-1.924968170000000,V,COSTA,670047519,2,-1.9206666600,-80.6807777000
E000000199,-79.775003310000002,-1.924968170000000,,COSTA,670029087,2,-1.9435555500,-79.7530000000
E000000200,-79.075003310000000,-1.924968170000000,V,SIERRA,670032161,2,-1.9597777700,-79.0494444000
E000000201,-79.025003310000002,-1.924968170000000,V,SIERRA,670055711,4,-1.9350000000,-79.0082222000
E000000202,-78.625003309999997,-1.924968170000000,V,SIERRA,620959457,3,-1.9215555500,-78.6425555000
E000000203,-76.075003310000000,-1.924968170000000,,AMAZONIA,620817729,3,-1.9613333300,-76.0865555000
E000000204,-80.225003310000005,-1.874968170000000,,COSTA,670077213,2,-1.8553333300,-80.2173333000
E000000205,-78.475003310000005,-1.874968170000000,V,SIERRA,620750302,2,-1.8724444400,-78.5405555000
E000000206,-79.525003310000002,-1.824968170000000,V,COSTA,670050588,3,-1.8116666600,-79.5044444000
E000000207,-78.625003309999997,-1.824968170000000,V,SIERRA,620545276,2,-1.8778888800,-78.6303333000
E000000208,-78.575003310000000,-1.824968170000000,,SIERRA,620843870,2,-1.8312222200,-78.5986666000
E000000209,-79.275003310000002,-1.774968170000000,,COSTA,670058778,3,-1.8688888800,-79.3440000000
E000000210,-79.125003309999997,-1.774968170000000,,SIERRA,670032155,2,-1.7673333300,-79.1785555000
E000000211,-78.975003310000005,-1.774968170000000,V,SIERRA,670035227,2,-1.7963333300,-79.0087777000
E000000212,-78.775003310000002,-1.774968170000000,,SIERRA,620651227,2,-1.8477777700,-78.7321111000
E000000213,-78.425003309999994,-1.774968170000000,,AMAZONIA,620615448,2,-1.7912222200,-78.3853333000
E000000214,-78.675003309999994,-1.724968170000000,V,SIERRA,620827348,4,-1.7170000000,-78.6340000000
E000000215,-80.725003310000005,-1.674968170000000,,COSTA,670062871,4,-1.6806666600,-80.7392222000
E000000216,-80.125003309999997,-1.674968170000000,,COSTA,670066966,2,-1.7085555500,-80.0553333000
E000000217,-79.975003310000005,-1.674968170000000,V,COSTA,670048535,2,-1.6886666600,-79.9748888000
E000000218,-79.025003310000002,-1.674968170000000,,SIERRA,670042391,2,-1.6942222200,-79.0275555000
E000000219,-78.625003309999997,-1.674968170000000,V,SIERRA,620988341,5,-1.6805555500,-78.5995555000
E000000220,-78.525003310000002,-1.674968170000000,,SIERRA,620684243,2,-1.6577777700,-78.5037777000
E000000221,-79.325003310000000,-1.624968170000000,,COSTA,670057749,4,-1.6283333300,-79.3275555000
E000000222,-79.275003310000002,-1.624968170000000,V,SIERRA,670057749,4,-1.6283333300,-79.3275555000
E000000223,-79.125003309999997,-1.624968170000000,,SIERRA,670039316,2,-1.5832222200,-79.1573333000
E000000224,-78.775003310000002,-1.624968170000000,V,SIERRA,620794321,3,-1.6550000000,-78.7655555000
E000000225,-78.625003309999997,-1.624968170000000,V,SIERRA,620691120,2,-1.6220000000,-78.6075555000
E000000226,-78.425003309999994,-1.624968170000000,,SIERRA,620583793,2,-1.5978888800,-78.4136666000
E000000227,-78.225003310000005,-1.624968170000000,,AMAZONIA,620571410,2,-1.6452222200,-78.1906666000
E000000228,-77.475003310000005,-1.624968170000000,,AMAZONIA,620812211,2,-1.6994444400,-77.3690000000
E000000229,-76.375003309999997,-1.624968170000000,,AMAZONIA,620037520,2,-1.5756666600,-76.3682222000
E000000230,-76.025003310000002,-1.624968170000000,,AMAZONIA,621026864,5,-1.6196666600,-76.0217777000
E000000231,-80.575003310000000,-1.574968170000000,V,COSTA,670042389,2,-1.6406666600,-80.5517777000
E000000232,-80.525003310000002,-1.574968170000000,V,COSTA,670041363,2,-1.5622222200,-80.4224444000
E000000233,-80.375003309999997,-1.574968170000000,V,COSTA,670042387,2,-1.5927777700,-80.3951111000
E000000234,-79.775003310000002,-1.574968170000000,V,COSTA,670077203,5,-1.6321111100,-79.7973333000
E000000235,-77.125003309999997,-1.574968170000000,,AMAZONIA,620586541,2,-1.5375555500,-77.0956666000
E000000236,-76.725003310000005,-1.574968170000000,,AMAZONIA,620700750,2,-1.5533333300,-76.6600000000
E000000237,-75.725003310000005,-1.574968170000000,,AMAZONIA,620814957,2,-1.5811111100,-75.7254444000
E000000238,-80.425003309999994,-1.524968170000000,,COSTA,670059792,3,-1.5350000000,-80.4295555000
E000000239,-80.025003310000002,-1.524968170000000,V,COSTA,670037265,2,-1.5364444400,-80.0328888000
E000000240,-79.525003310000002,-1.524968170000000,V,COSTA,670061839,2,-1.6901111100,-79.5951111000
E000000241,-79.025003310000002,-1.524968170000000,,SIERRA,670066960,3,-1.5345555500,-79.0236666000
E000000242,-80.625003309999997,-1.474968170000000,V,COSTA,670044432,3,-1.4857777700,-80.6276666000
E000000243,-80.575003310000000,-1.474968170000000,,COSTA,670040335,2,-1.4783333300,-80.5955555000
E000000244,-80.525003310000002,-1.474968170000000,V,COSTA,670006544,2,-1.4890000000,-80.5996666000
E000000245,-79.725003310000005,-1.474968170000000,,COSTA,670073103,5,-1.5302222200,-79.7438888000
E000000246,-79.675003309999994,-1.474968170000000,,COSTA,670069007,3,-1.5200000000,-79.6756666000
E000000247,-79.525003310000002,-1.474968170000000,,COSTA,670061839,2,-1.6901111100,-79.5951111000
E000000248,-79.325003310000000,-1.474968170000000,,SIERRA,670052624,2,-1.4650000000,-79.3265555000
E000000249,-78.675003309999994,-1.474968170000000,V,SIERRA,620618184,2,-1.4292222200,-78.6676666000
E000000250,-77.975003310000005,-1.474968170000000,V,AMAZONIA,620587912,2,-1.4710000000,-77.9930000000
E000000251,-80.225003310000005,-1.424968170000000,,COSTA,670058766,3,-1.4135555500,-80.2367777000
E000000252,-79.875003309999997,-1.424968170000000,,COSTA,670071053,3,-1.4744444400,-79.8694444000
E000000253,-79.825003310000000,-1.424968170000000,,COSTA,670021901,2,-1.4665555500,-79.8513333000
E000000254,-79.475003310000005,-1.424968170000000,,COSTA,670061838,5,-1.5456666600,-79.4658888000
E000000255,-79.325003310000000,-1.424968170000000,,COSTA,670064909,3,-1.4287777700,-79.3805555000
E000000256,-79.125003309999997,-1.424968170000000,,SIERRA,670050575,2,-1.4802222200,-79.1778888000
E000000257,-78.775003310000002,-1.424968170000000,,SIERRA,620505351,2,-1.4652222200,-78.7305555000
E000000258,-78.275003310000002,-1.424968170000000,V,SIERRA,621022725,6,-1.4145555500,-78.2700000000
E000000259,-80.625003309999997,-1.374968170000000,,COSTA,670047499,2,-1.3805555500,-80.6320000000
E000000260,-80.575003310000000,-1.374968170000000,V,COSTA,670006539,2,-1.3627777700,-80.6020000000
E000000261,-80.425003309999994,-1.374968170000000,,COSTA,670009611,2,-1.3881111100,-80.4195555000
E000000262,-80.225003310000005,-1.374968170000000,V,COSTA,670044427,2,-1.3925555500,-80.2133333000
E000000263,-79.725003310000005,-1.374968170000000,,COSTA,670042380,2,-1.3853333300,-79.7288888000
E000000264,-79.525003310000002,-1.374968170000000,,COSTA,670056716,2,-1.4140000000,-79.5641111000
E000000265,-78.725003310000005,-1.374968170000000,,SIERRA,620682848,2,-1.2770000000,-78.6904444000
E000000266,-78.625003309999997,-1.374968170000000,V,SIERRA,620770916,3,-1.3743333300,-78.6114444000
E000000267,-78.575003310000000,-1.374968170000000,V,SIERRA,620768163,3,-1.3406666600,-78.5914444000
E000000268,-78.525003310000002,-1.374968170000000,V,SIERRA,620612675,2,-1.3551111100,-78.4966666000
E000000269,-78.425003309999994,-1.374968170000000,V,SIERRA,620960804,6,-1.3858888800,-78.4187777000
E000000270,-78.375003309999997,-1.374968170000000,,SIERRA,620864482,3,-1.3932222200,-78.3908888000
E000000271,-77.775003310000002,-1.374968170000000,,AMAZONIA,620669092,2,-1.2748888800,-77.7257777000
E000000272,-80.725003310000005,-1.324968170000000,V,COSTA,670049547,3,-1.3511111100,-80.7353333000
E000000273,-80.575003310000000,-1.324968170000000,,COSTA,670063880,2,-1.2720000000,-80.5854444000
E000000274,-79.725003310000005,-1.324968170000000,,COSTA,670047500,2,-1.4108888800,-79.7921111000
E000000275,-79.425003309999994,-1.324968170000000,,COSTA,670074120,4,-1.3356666600,-79.4080000000
E000000276,-78.725003310000005,-1.324968170000000,V,SIERRA,620682848,2,-1.2770000000,-78.6904444000
E000000277,-78.675003309999994,-1.324968170000000,V,SIERRA,620642943,2,-1.2857777700,-78.6063333000
E000000278,-78.475003310000005,-1.324968170000000,V,SIERRA,620009985,2,-1.3834444400,-78.4872222000
E000000279,-80.425003309999994,-1.274968170000000,V,COSTA,670049544,2,-1.2661111100,-80.4186666000
E000000280,-79.125003309999997,-1.274968170000000,,SIERRA,670059784,3,-1.2907777700,-79.1322222000
E000000281,-78.975003310000005,-1.274968170000000,,SIERRA,670045447,2,-1.2586666600,-78.9800000000
E000000282,-78.825003310000000,-1.274968170000000,,SIERRA,620750269,3,-1.2811111100,-78.8203333000
E000000283,-78.625003309999997,-1.274968170000000,V,SIERRA,620642943,2,-1.2857777700,-78.6063333000
E000000284,-78.225003310000005,-1.274968170000000,,SIERRA,620794301,3,-1.2750000000,-78.2187777000
E000000285,-78.075003310000000,-1.274968170000000,,AMAZONIA,620682847,2,-1.2754444400,-77.9625555000
E000000286,-77.125003309999997,-1.274968170000000,,AMAZONIA,620933278,3,-1.2478888800,-77.1272222000
E000000287,-75.675003309999994,-1.274968170000000,,AMAZONIA,620736511,2,-1.3214444400,-75.6094444000
E000000288,-80.625003309999997,-1.224968170000000,,COSTA,670059782,3,-1.2045555500,-80.6372222000
E000000289,-80.425003309999994,-1.224968170000000,,COSTA,670050568,2,-1.2191111100,-80.4208888000
E000000290,-80.325003310000000,-1.224968170000000,,COSTA,670050566,2,-1.2278888800,-80.3291111000
E000000291,-79.775003310000002,-1.224968170000000,,COSTA,670070022,3,-1.3446666600,-79.8042222000
E000000292,-79.575003310000000,-1.224968170000000,,COSTA,670045444,2,-1.2417777700,-79.5897777000
E000000293,-79.325003310000000,-1.224968170000000,,SIERRA,670071045,4,-1.2795555500,-79.3597777000
E000000294,-79.275003310000002,-1.224968170000000,,SIERRA,670050567,3,-1.2405555500,-79.2951111000
E000000295,-78.725003310000005,-1.224968170000000,,SIERRA,620644316,2,-1.2445555500,-78.6986666000
E000000296,-78.625003309999997,-1.224968170000000,,SIERRA,620927772,4,-1.2523333300,-78.6065555000
E000000297,-77.425003309999994,-1.224968170000000,,AMAZONIA,620934652,3,-1.2286666600,-77.3912222000
E000000298,-76.775003310000002,-1.224968170000000,,AMAZONIA,620875484,3,-1.2347777700,-76.7154444000
E000000299,-76.375003309999997,-1.224968170000000,,AMAZONIA,620850714,2,-1.2370000000,-76.3927777000
E000000300,-76.025003310000002,-1.224968170000000,,AMAZONIA,620547996,2,-1.2717777700,-76.0197777000
E000000301,-80.825003310000000,-1.174968170000000,,COSTA,670056709,3,-1.2020000000,-80.7926666000
E000000302,-80.625003309999997,-1.174968170000000,V,COSTA,670030085,2,-1.2045555500,-80.6372222000
E000000303,-79.525003310000002,-1.174968170000000,,COSTA,670048518,2,-1.2417777700,-79.5897777000
E000000304,-77.875003309999997,-1.174968170000000,V,AMAZONIA,620915385,4,-1.1690000000,-77.8714444000
E000000305,-80.775003310000002,-1.124968170000000,V,COSTA,670055683,2,-1.1564444400,-80.7803333000
E000000306,-80.175003309999994,-1.124968170000000,,COSTA,670044418,3,-1.1064444400,-80.1845555000
E000000307,-79.475003310000005,-1.124968170000000,V,COSTA,670081281,5,-1.1460000000,-79.4664444000
E000000308,-79.075003310000000,-1.124968170000000,V,SIERRA,670079235,3,-1.1312222200,-79.1030000000
E000000309,-78.925003309999994,-1.124968170000000,,SIERRA,670039298,3,-1.1294444400,-78.9250000000
E000000310,-80.675003309999994,-1.074968170000000,V,COSTA,670064897,3,-1.0880000000,-80.6802222000
E000000311,-80.275003310000002,-1.074968170000000,V,COSTA,670051584,3,-1.0501111100,-80.2794444000
E000000312,-80.225003310000005,-1.074968170000000,,COSTA,670048512,2,-1.0623333300,-80.2418888000
E000000313,-79.475003310000005,-1.074968170000000,,COSTA,670075133,5,-1.0425555500,-79.4453333000
E000000314,-78.725003310000005,-1.074968170000000,V,SIERRA,620637428,2,-1.0671111100,-78.7071111000
E000000315,-78.475003310000005,-1.074968170000000,,SIERRA,620831442,3,-1.0935555500,-78.4964444000
E000000316,-78.225003310000005,-1.074968170000000,,AMAZONIA,620703476,3,-1.0815555500,-78.2183333000
E000000317,-80.475003310000005,-1.024968170000000,V,COSTA,670084350,4,-0.9593333300,-80.4618888000
E000000318,-80.225003310000005,-1.024968170000000,V,COSTA,670047487,2,-1.0332222200,-80.2393333000
E000000319,-79.475003310000005,-1.024968170000000,,COSTA,670075133,5,-1.0425555500,-79.4453333000
E000000320,-78.725003310000005,-1.024968170000000,,SIERRA,620704850,3,-1.0503333300,-78.7258888000
E000000321,-78.575003310000000,-1.024968170000000,V,SIERRA,620604400,2,-1.0265555500,-78.5738888000
E000000322,-78.425003309999994,-1.024968170000000,,SIERRA,620798418,3,-1.0460000000,-78.4343333000
E000000323,-77.425003309999994,-1.024968170000000,,AMAZONIA,620572751,2,-0.9672222200,-77.4377777000
E000000324,-80.725003310000005,-0.974968170000000,,COSTA,670057725,2,-0.9532222200,-80.7178888000
E000000325,-80.675003309999994,-0.974968170000000,,COSTA,670057725,2,-0.9532222200,-80.7178888000
E000000326,-79.275003310000002,-0.974968170000000,,SIERRA,670053628,2,-0.9252222200,-79.3275555000
E000000327,-79.225003310000005,-0.974968170000000,,SIERRA,670074109,3,-0.9947777700,-79.2414444000
E000000328,-76.225003310000005,-0.974968170000000,,AMAZONIA,620036110,2,-0.9752222200,-76.2188888000
E000000329,-80.625003309999997,-0.924968170000000,,COSTA,670057725,2,-0.9532222200,-80.7178888000
E000000330,-80.225003310000005,-0.924968170000000,V,COSTA,670048507,2,-0.9267777700,-80.2173333000
E000000331,-80.175003309999994,-0.924968170000000,,COSTA,670061818,2,-0.9062222200,-80.1811111000
E000000332,-79.775003310000002,-0.924968170000000,,COSTA,670042364,2,-0.9552222200,-79.7733333000
E000000333,-79.225003310000005,-0.924968170000000,V,SIERRA,670065915,3,-0.9365555500,-79.2608888000
E000000334,-78.975003310000005,-0.924968170000000,V,SIERRA,670074108,2,-0.9454444400,-79.0238888000
E000000335,-78.775003310000002,-0.924968170000000,,SIERRA,620505325,2,-0.9591111100,-78.7547777000
E000000336,-78.625003309999997,-0.924968170000000,V,SIERRA,620934634,4,-0.9348888800,-78.6192222000
E000000337,-78.525003310000002,-0.924968170000000,,SIERRA,620549355,2,-0.9338888800,-78.5321111000
E000000338,-78.475003310000005,-0.924968170000000,,SIERRA,620549355,2,-0.9338888800,-78.5321111000
E000000339,-77.825003310000000,-0.924968170000000,V,AMAZONIA,620831435,3,-0.9457777700,-77.8067777000
E000000340,-77.375003309999997,-0.924968170000000,V,AMAZONIA,620550731,2,-0.9095555500,-77.3480000000
E000000341,-75.425003309999994,-0.924968170000000,,AMAZONIA,620715851,2,-0.9424444400,-75.4035555000
E000000342,-75.375003309999997,-0.924968170000000,V,AMAZONIA,621025452,6,-0.9407777700,-75.3734444000
E000000343,-80.275003310000002,-0.874968170000000,,COSTA,670067960,2,-0.8373333300,-80.2488888000
E000000344,-80.075003310000000,-0.874968170000000,,COSTA,670082298,4,-0.8833333300,-80.0938888000
E000000345,-79.475003310000005,-0.874968170000000,,COSTA,670085369,5,-0.9165555500,-79.4407777000
E000000346,-79.075003310000000,-0.874968170000000,,SIERRA,670078202,3,-0.8766666600,-79.0861111000
E000000347,-76.025003310000002,-0.874968170000000,,AMAZONIA,620889223,2,-0.8644444400,-76.0072222000
E000000348,-80.075003310000000,-0.824968170000000,,COSTA,670078199,2,-0.8046666600,-80.0988888000
E000000349,-79.275003310000002,-0.824968170000000,,COSTA,670070007,2,-0.8440000000,-79.2873333000
E000000350,-78.875003309999997,-0.824968170000000,,SIERRA,670082296,3,-0.8122222200,-78.8778888000
E000000351,-78.675003309999994,-0.824968170000000,V,SIERRA,620841059,3,-0.8504444400,-78.6436666000
E000000352,-78.275003310000002,-0.824968170000000,,AMAZONIA,620626407,3,-0.8355555500,-78.2644444000
E000000353,-77.875003309999997,-0.824968170000000,V,AMAZONIA,620025094,2,-0.8855555500,-77.7953333000
E000000354,-77.025003310000002,-0.824968170000000,,AMAZONIA,620857575,2,-0.8115555500,-77.0044444000
E000000355,-76.825003310000000,-0.824968170000000,,AMAZONIA,621021317,3,-0.7954444400,-76.8325555000
E000000356,-78.725003310000005,-0.774968170000000,,SIERRA,620576867,2,-0.7892222200,-78.7442222000
E000000357,-77.125003309999997,-0.774968170000000,,AMAZONIA,620543844,2,-0.7791111100,-77.0025555000
E000000358,-76.775003310000002,-0.774968170000000,,AMAZONIA,620897474,3,-0.7480000000,-76.7554444000
E000000359,-75.625003309999997,-0.774968170000000,,AMAZONIA,620740611,2,-0.7940000000,-75.6353333000
E000000360,-79.975003310000005,-0.724968170000000,,COSTA,670067956,2,-0.7096666600,-79.9752222000
E000000361,-79.325003310000000,-0.724968170000000,,COSTA,670074100,3,-0.8130000000,-79.3990000000
E000000362,-79.125003309999997,-0.724968170000000,,SIERRA,670076148,4,-0.7257777700,-79.1270000000
E000000363,-78.625003309999997,-0.724968170000000,V,SIERRA,620741986,2,-0.7681111100,-78.6192222000
E000000364,-78.425003309999994,-0.724968170000000,,SIERRA,620655299,2,-0.7797777700,-78.4440000000
E000000365,-78.225003310000005,-0.724968170000000,,AMAZONIA,620791519,4,-0.7038888800,-78.2090000000
E000000366,-77.125003309999997,-0.724968170000000,,AMAZONIA,620992417,6,-0.7011111100,-77.1117777000
E000000367,-76.825003310000000,-0.724968170000000,,AMAZONIA,620967650,3,-0.7413333300,-76.8121111000
E000000368,-76.775003310000002,-0.724968170000000,,AMAZONIA,620940129,4,-0.7297777700,-76.7696666000
E000000369,-76.725003310000005,-0.724968170000000,,AMAZONIA,620898850,3,-0.7232222200,-76.7178888000
E000000370,-76.675003309999994,-0.724968170000000,,AMAZONIA,620673182,2,-0.6661111100,-76.6832222000
E000000371,-80.075003310000000,-0.674968170000000,V,COSTA,670081266,2,-0.6978888800,-80.0682222000
E000000372,-79.975003310000005,-0.674968170000000,,COSTA,670061809,3,-0.6592222200,-79.9953333000
E000000373,-79.425003309999994,-0.674968170000000,,COSTA,670093554,5,-0.6916666600,-79.4500000000
E000000374,-78.875003309999997,-0.674968170000000,V,SIERRA,670108915,3,-0.6732222200,-78.8704444000
E000000375,-78.725003310000005,-0.674968170000000,V,SIERRA,670071027,2,-0.6992222200,-78.8085555000
E000000376,-77.825003310000000,-0.674968170000000,,AMAZONIA,620626399,2,-0.7032222200,-77.8166666000
E000000377,-76.825003310000000,-0.674968170000000,,AMAZONIA,620845182,3,-0.6598888800,-76.8285555000
E000000378,-76.725003310000005,-0.674968170000000,,AMAZONIA,620977280,4,-0.6661111100,-76.6832222000
E000000379,-76.425003309999994,-0.674968170000000,,AMAZONIA,620858942,2,-0.6673333300,-76.4203333000
E000000380,-76.875003309999997,-0.624968170000000,,AMAZONIA,620031962,2,-0.6063333300,-76.8614444000
E000000381,-79.225003310000005,-0.574968170000000,,SIERRA,670062830,2,-0.6075555500,-79.2751111000
E000000382,-78.425003309999994,-0.574968170000000,V,SIERRA,670075119,3,-0.5715555500,-78.4267777000
E000000383,-80.275003310000002,-0.524968170000000,,COSTA,670064876,2,-0.5398888800,-80.2961111000
E000000384,-80.075003310000000,-0.524968170000000,,COSTA,670048493,2,-0.5580000000,-80.0756666000
E000000385,-79.475003310000005,-0.524968170000000,,COSTA,670091498,3,-0.5433333300,-79.4833333000
E000000386,-79.125003309999997,-0.524968170000000,,SIERRA,670086381,3,-0.5420000000,-79.1214444000
E000000387,-78.975003310000005,-0.524968170000000,,SIERRA,670062827,2,-0.4682222200,-78.9658888000
E000000388,-78.575003310000000,-0.524968170000000,,SIERRA,670068972,2,-0.4890000000,-78.5448888000
E000000389,-78.225003310000005,-0.524968170000000,V,AMAZONIA,620525941,3,-0.5357777700,-78.2272222000
E000000390,-77.025003310000002,-0.524968170000000,,AMAZONIA,621010295,6,-0.4947777700,-77.0106666000
E000000391,-76.125003309999997,-0.524968170000000,,AMAZONIA,620758487,3,-0.5542222200,-76.1228888000
E000000392,-75.675003309999994,-0.524968170000000,,AMAZONIA,620860310,3,-0.5275555500,-75.6638888000
E000000393,-79.325003310000000,-0.474968170000000,V,SIERRA,670056683,2,-0.5431111100,-79.3476666000
E000000394,-78.775003310000002,-0.474968170000000,,SIERRA,670078186,2,-0.4451111100,-78.7636666000
E000000395,-78.575003310000000,-0.474968170000000,,SIERRA,670069994,2,-0.4565555500,-78.5786666000
E000000396,-78.525003310000002,-0.474968170000000,,SIERRA,670069995,2,-0.4830000000,-78.5444444000
E000000397,-78.375003309999997,-0.474968170000000,,SIERRA,670067945,2,-0.4150000000,-78.3726666000
E000000398,-77.925003309999994,-0.474968170000000,,AMAZONIA,620834161,4,-0.4626666600,-77.9146666000
E000000399,-77.525003310000002,-0.474968170000000,V,AMAZONIA,620596117,2,-0.5121111100,-77.4407777000
E000000400,-77.075003310000000,-0.474968170000000,,AMAZONIA,620946993,5,-0.4396666600,-77.0388888000
E000000401,-77.025003310000002,-0.474968170000000,,AMAZONIA,620666291,2,-0.4446666600,-77.0047777000
E000000402,-76.975003310000005,-0.474968170000000,V,AMAZONIA,620930483,6,-0.4706666600,-76.9712222000
E000000403,-76.875003309999997,-0.474968170000000,,AMAZONIA,620960754,6,-0.4530000000,-76.8566666000
E000000404,-80.425003309999994,-0.424968170000000,,COSTA,670077160,2,-0.3943333300,-80.4430000000
E000000405,-79.925003309999994,-0.424968170000000,,COSTA,670059752,2,-0.4061111100,-79.9097777000
E000000405,-79.925003309999994,-0.424968170000000,,COSTA,670051560,2,-0.4082222200,-79.9231111000
E000000406,-78.975003310000005,-0.424968170000000,V,SIERRA,670072042,2,-0.4467777700,-78.9544444000
E000000407,-78.775003310000002,-0.424968170000000,,SIERRA,670059753,2,-0.4334444400,-78.7776666000
E000000408,-78.475003310000005,-0.424968170000000,,SIERRA,670066919,2,-0.3108888800,-78.4538888000
E000000409,-78.425003309999994,-0.424968170000000,V,SIERRA,670091493,2,-0.3036666600,-78.4601111000
E000000410,-77.875003309999997,-0.424968170000000,,AMAZONIA,620876818,4,-0.4533333300,-77.8506666000
E000000411,-77.075003310000000,-0.424968170000000,,AMAZONIA,620797008,2,-0.4186666600,-77.0434444000
E000000412,-76.975003310000005,-0.424968170000000,,AMAZONIA,620586480,2,-0.4125555500,-76.9904444000
E000000413,-76.775003310000002,-0.424968170000000,,AMAZONIA,620865808,3,-0.4453333300,-76.7588888000
E000000414,-76.625003309999997,-0.424968170000000,,AMAZONIA,620940111,4,-0.4295555500,-76.6250000000
E000000415,-76.575003310000000,-0.424968170000000,,AMAZONIA,620980017,6,-0.4098888800,-76.5683333000
E000000416,-76.525003310000002,-0.424968170000000,,AMAZONIA,621073584,6,-0.4351111100,-76.5307777000
E000000417,-79.325003310000000,-0.374968170000000,,SIERRA,670062823,2,-0.3915555500,-79.3572222000
E000000418,-79.125003309999997,-0.374968170000000,,SIERRA,670040295,2,-0.3531111100,-79.1610000000
E000000419,-78.775003310000002,-0.374968170000000,,SIERRA,670071015,2,-0.3658888800,-78.7830000000
E000000420,-78.575003310000000,-0.374968170000000,V,SIERRA,670056680,2,-0.3988888800,-78.5240000000
E000000421,-78.525003310000002,-0.374968170000000,V,SIERRA,670088424,3,-0.3716666600,-78.5042222000
E000000422,-78.425003309999994,-0.374968170000000,,SIERRA,670091493,2,-0.3036666600,-78.4601111000
E000000423,-78.125003309999997,-0.374968170000000,V,AMAZONIA,620670414,3,-0.3711111100,-78.1130000000
E000000424,-77.825003310000000,-0.374968170000000,V,AMAZONIA,620640142,3,-0.3813333300,-77.8162222000
E000000425,-77.025003310000002,-0.374968170000000,,AMAZONIA,620557584,2,-0.4186666600,-77.0434444000
E000000426,-76.825003310000000,-0.374968170000000,,AMAZONIA,620714445,2,-0.4241111100,-76.7855555000
E000000427,-76.775003310000002,-0.374968170000000,,AMAZONIA,620598860,2,-0.3566666600,-76.7552222000
E000000428,-76.725003310000005,-0.374968170000000,,AMAZONIA,620631888,2,-0.4295555500,-76.6250000000
E000000429,-76.625003309999997,-0.374968170000000,,AMAZONIA,620583727,2,-0.3832222200,-76.5830000000
E000000430,-76.525003310000002,-0.374968170000000,,AMAZONIA,620575470,2,-0.3817777700,-76.4576666000
E000000431,-76.425003309999994,-0.374968170000000,,AMAZONIA,620576846,2,-0.3752222200,-76.4157777000
E000000432,-80.075003310000000,-0.324968170000000,,COSTA,670103781,3,-0.3373333300,-80.0727777000
E000000433,-79.425003309999994,-0.324968170000000,V,COSTA,670058726,2,-0.3796666600,-79.4828888000
E000000434,-79.025003310000002,-0.324968170000000,,SIERRA,670090469,2,-0.3098888800,-79.0342222000
E000000435,-78.425003309999994,-0.324968170000000,V,SIERRA,670092519,4,-0.2915555500,-78.4626666000
E000000436,-78.275003310000002,-0.324968170000000,V,SIERRA,670083301,2,-0.2673333300,-78.3381111000
E000000437,-78.125003309999997,-0.324968170000000,,AMAZONIA,620530058,2,-0.3296666600,-78.1455555000
E000000438,-77.825003310000000,-0.324968170000000,,AMAZONIA,620874058,4,-0.3220000000,-77.8158888000
E000000439,-77.375003309999997,-0.324968170000000,,AMAZONIA,620740587,3,-0.3248888800,-77.3775555000
E000000440,-77.025003310000002,-0.324968170000000,,AMAZONIA,620948357,5,-0.3498888800,-76.9921111000
E000000441,-76.875003309999997,-0.324968170000000,,AMAZONIA,620594728,2,-0.3108888800,-76.8435555000
E000000442,-76.725003310000005,-0.324968170000000,,AMAZONIA,620869930,4,-0.3731111100,-76.6793333000
E000000443,-76.675003309999994,-0.324968170000000,,AMAZONIA,620620875,2,-0.3357777700,-76.6721111000
E000000444,-80.325003310000000,-0.274968170000000,,COSTA,670094564,3,-0.2634444400,-80.3025555000
E000000445,-80.225003310000005,-0.274968170000000,,COSTA,670087395,4,-0.2556666600,-80.2482222000
E000000446,-79.475003310000005,-0.274968170000000,V,COSTA,670088418,2,-0.2540000000,-79.4741111000
E000000447,-78.475003310000005,-0.274968170000000,,SIERRA,670064867,2,-0.2866666600,-78.4606666000
E000000448,-78.425003309999994,-0.274968170000000,,SIERRA,670076132,2,-0.2784444400,-78.4503333000
E000000449,-78.275003310000002,-0.274968170000000,,SIERRA,670076131,2,-0.2562222200,-78.3415555000
E000000450,-77.925003309999994,-0.274968170000000,V,AMAZONIA,620865799,4,-0.2496666600,-77.9261111000
E000000451,-76.575003310000000,-0.274968170000000,,AMAZONIA,620565833,2,-0.2954444400,-76.5483333000
E000000452,-79.875003309999997,-0.224968170000000,,COSTA,670077153,3,-0.2345555500,-79.8728888000
E000000453,-79.225003310000005,-0.224968170000000,V,SIERRA,670064865,2,-0.1942222200,-79.3314444000
E000000454,-78.775003310000002,-0.224968170000000,V,SIERRA,670087394,3,-0.1682222200,-78.8388888000
E000000455,-78.625003309999997,-0.224968170000000,V,SIERRA,670077154,2,-0.2352222200,-78.6353333000
E000000456,-78.575003310000000,-0.224968170000000,V,SIERRA,670066914,2,-0.2530000000,-78.5974444000
E000000457,-78.525003310000002,-0.224968170000000,V,SIERRA,670093538,3,-0.2312222200,-78.5087777000
E000000458,-78.375003309999997,-0.224968170000000,V,SIERRA,670097634,3,-0.2116666600,-78.3686666000
E000000459,-78.075003310000000,-0.224968170000000,,AMAZONIA,620618117,3,-0.2186666600,-78.0583333000
E000000460,-76.675003309999994,-0.224968170000000,,AMAZONIA,620596102,3,-0.2362222200,-76.6097777000
E000000461,-76.325003310000000,-0.224968170000000,,AMAZONIA,620601605,2,-0.2140000000,-76.2831111000
E000000462,-80.175003309999994,-0.174968170000000,,COSTA,670007519,2,-0.1763333300,-80.1791111000
E000000463,-79.675003309999994,-0.174968170000000,,COSTA,670061792,2,-0.1663333300,-79.6617777000
E000000464,-79.475003310000005,-0.174968170000000,,COSTA,670074079,3,-0.1591111100,-79.5563333000
E000000465,-78.975003310000005,-0.174968170000000,,SIERRA,670071008,3,-0.1464444400,-78.9833333000
E000000466,-78.525003310000002,-0.174968170000000,V,SIERRA,670059744,2,-0.1908888800,-78.4810000000
E000000467,-78.475003310000005,-0.174968170000000,V,SIERRA,670059744,2,-0.1908888800,-78.4810000000
E000000468,-78.425003309999994,-0.174968170000000,,SIERRA,670078176,4,-0.1702222200,-78.4103333000
E000000469,-78.325003310000000,-0.174968170000000,V,SIERRA,670053599,2,-0.0971111100,-78.3592222000
E000000470,-77.875003309999997,-0.174968170000000,,AMAZONIA,620005795,2,-0.2208888800,-77.8692222000
E000000471,-77.125003309999997,-0.174968170000000,,AMAZONIA,620539685,2,-0.2223333300,-77.1326666000
E000000472,-76.925003309999994,-0.174968170000000,,AMAZONIA,620746081,3,-0.1841111100,-76.9235555000
E000000473,-76.825003310000000,-0.174968170000000,,AMAZONIA,620031937,2,-0.2118888800,-76.8133333000
E000000474,-76.725003310000005,-0.174968170000000,,AMAZONIA,620030564,2,-0.2270000000,-76.6786666000
E000000475,-76.675003309999994,-0.174968170000000,,AMAZONIA,620602977,2,-0.1265555500,-76.6468888000
E000000476,-76.625003309999997,-0.174968170000000,,AMAZONIA,620026435,2,-0.1870000000,-76.5997777000
E000000477,-76.375003309999997,-0.174968170000000,,AMAZONIA,620655266,2,-0.1563333300,-76.3547777000
E000000478,-76.275003310000002,-0.174968170000000,,AMAZONIA,620554818,2,-0.1916666600,-76.2414444000
E000000479,-76.225003310000005,-0.174968170000000,,AMAZONIA,620554818,2,-0.1916666600,-76.2414444000
E000000480,-76.025003310000002,-0.174968170000000,,AMAZONIA,620842402,3,-0.1744444400,-75.9625555000
E000000481,-75.675003309999994,-0.174968170000000,,AMAZONIA,620735075,2,-0.1684444400,-75.6748888000
E000000482,-78.525003310000002,-0.124968170000000,,SIERRA,670047453,2,-0.0907777700,-78.4873333000
E000000483,-78.325003310000000,-0.124968170000000,V,SIERRA,670049502,3,-0.1003333300,-78.3442222000
E000000484,-78.075003310000000,-0.124968170000000,V,SIERRA,670044382,2,-0.0974444400,-78.1061111000
E000000485,-76.875003309999997,-0.124968170000000,,AMAZONIA,620506656,2,-0.1318888800,-76.8758888000
E000000486,-76.425003309999994,-0.124968170000000,,AMAZONIA,620042945,2,-0.1261111100,-76.4217777000
E000000487,-76.375003309999997,-0.124968170000000,,AMAZONIA,620519041,2,-0.1203333300,-76.3196666000
E000000488,-76.325003310000000,-0.124968170000000,,AMAZONIA,620519041,2,-0.1203333300,-76.3196666000
E000000489,-76.275003310000002,-0.124968170000000,,AMAZONIA,620702050,3,-0.1048888800,-76.2513333000
E000000490,-80.075003310000000,-0.074968170000000,,COSTA,670083292,3,-0.0437777700,-80.0643333000
E000000491,-78.575003310000000,-0.074968170000000,V,SIERRA,670047451,2,-0.0473333300,-78.5706666000
E000000492,-78.425003309999994,-0.074968170000000,V,SIERRA,670045406,2,-0.1288888800,-78.3875555000
E000000493,-78.375003309999997,-0.074968170000000,,SIERRA,670081245,5,-0.0548888800,-78.3853333000
E000000494,-78.175003309999994,-0.074968170000000,V,SIERRA,670052572,2,-0.0250000000,-78.1710000000
E000000495,-78.125003309999997,-0.074968170000000,V,SIERRA,670075100,2,-0.0108888800,-78.1252222000
E000000496,-78.075003310000000,-0.074968170000000,,SIERRA,670048477,2,-0.0593333300,-78.0742222000
E000000497,-76.875003309999997,-0.074968170000000,,AMAZONIA,620722685,2,-0.1227777700,-76.8012222000
E000000498,-76.675003309999994,-0.074968170000000,,AMAZONIA,620853406,3,-0.0932222200,-76.6578888000
E000000499,-76.275003310000002,-0.074968170000000,,AMAZONIA,620637374,2,-0.0855555500,-76.3020000000
E000000500,-79.975003310000005,-0.024968170000000,,COSTA,670051546,3,-0.0518888800,-80.0381111000
E000000501,-77.425003309999994,-0.024968170000000,,AMAZONIA,620546554,2,-0.0195555500,-77.3607777000
E000000502,-80.025003310000002,0.025031830000000,,COSTA,670067926,2,0.0947777770,-80.0312222000
E000000503,-79.675003309999994,0.025031830000000,,COSTA,670043352,2,-0.0076666600,-79.6454444000
E000000504,-79.475003310000005,0.025031830000000,,SIERRA,670063832,3,0.1591111110,-79.5010000000
E000000505,-79.375003309999997,0.025031830000000,V,SIERRA,670069976,6,0.0608888880,-79.3614444000
E000000506,-79.125003309999997,0.025031830000000,,SIERRA,670054615,2,0.0577777770,-79.2564444000
E000000507,-78.775003310000002,0.025031830000000,,SIERRA,670050520,2,0.0253333330,-78.7966666000
E000000508,-78.525003310000002,0.025031830000000,V,SIERRA,670050521,2,0.0144444440,-78.5624444000
E000000509,-78.425003309999994,0.025031830000000,,SIERRA,670064857,3,0.0253333330,-78.4190000000
E000000510,-78.225003310000005,0.025031830000000,V,SIERRA,670048472,2,0.0067777770,-78.2282222000
E000000511,-77.875003309999997,0.025031830000000,,SIERRA,620736440,3,0.0265555550,-77.8552222000
E000000512,-76.575003310000000,0.025031830000000,,AMAZONIA,620569944,2,0.0254444440,-76.5774444000
E000000513,-76.275003310000002,0.025031830000000,,AMAZONIA,620026424,2,0.0390000000,-76.2774444000
E000000514,-80.075003310000000,0.075031830000000,,COSTA,670068950,2,0.1038888880,-80.0366666000
E000000515,-78.975003310000005,0.075031830000000,,SIERRA,670063825,2,0.3162222220,-79.1486666000
E000000516,-78.675003309999994,0.075031830000000,V,SIERRA,670056663,3,0.0767777770,-78.6655555000
E000000517,-78.625003309999997,0.075031830000000,,SIERRA,670054613,2,0.1237777770,-78.6288888000
E000000518,-77.325003310000000,0.075031830000000,,AMAZONIA,620806615,5,0.0555555550,-77.3134444000
E000000519,-76.875003309999997,0.075031830000000,V,AMAZONIA,620850647,5,0.0627777770,-76.8625555000
E000000520,-79.925003309999994,0.125031830000000,,COSTA,670052565,2,0.1392222220,-79.9162222000
E000000521,-76.925003309999994,0.125031830000000,,AMAZONIA,620638739,2,0.1171111110,-76.8537777000
E000000522,-75.875003309999997,0.125031830000000,,AMAZONIA,620962099,5,0.1275555550,-75.8501111000
E000000523,-79.475003310000005,0.175031830000000,,COSTA,670013650,2,0.2377777770,-79.4713333000
E000000524,-79.325003310000000,0.175031830000000,,COSTA,670084308,6,0.1718888880,-79.3047777000
E000000525,-79.125003309999997,0.175031830000000,,SIERRA,670044371,2,0.1735555550,-79.1333333000
E000000526,-78.975003310000005,0.175031830000000,,SIERRA,670046419,2,0.1738888880,-79.0112222000
E000000527,-78.775003310000002,0.175031830000000,,SIERRA,670018771,2,0.1613333330,-78.7493333000
E000000528,-78.575003310000000,0.175031830000000,,SIERRA,670064851,5,0.1687777770,-78.5891111000
E000000529,-78.425003309999994,0.175031830000000,,SIERRA,670083282,2,0.1577777770,-78.4418888000
E000000530,-77.875003309999997,0.175031830000000,,AMAZONIA,620612593,2,0.1617777770,-77.8657777000
E000000531,-77.125003309999997,0.175031830000000,,AMAZONIA,620838258,2,0.2484444440,-77.0147777000
E000000532,-78.325003310000000,0.225031830000000,,SIERRA,670044368,2,0.2495555550,-78.3003333000
E000000533,-78.275003310000002,0.225031830000000,V,SIERRA,670042321,2,0.2235555550,-78.2671111000
E000000534,-78.175003309999994,0.225031830000000,V,SIERRA,670045393,2,0.1971111110,-78.1780000000
E000000535,-78.075003310000000,0.225031830000000,,SIERRA,670051537,3,0.2537777770,-78.0885555000
E000000536,-77.975003310000005,0.225031830000000,,SIERRA,670047441,2,0.2416666660,-77.9741111000
E000000537,-78.425003309999994,0.275031830000000,V,SIERRA,670034127,2,0.2840000000,-78.4600000000
E000000538,-78.325003310000000,0.275031830000000,,SIERRA,670036174,2,0.3105555550,-78.2662222000
E000000539,-78.275003310000002,0.275031830000000,,SIERRA,670064848,4,0.2952222220,-78.2507777000
E000000540,-77.975003310000005,0.275031830000000,,SIERRA,670066896,2,0.2910000000,-77.9396666000
E000000541,-76.275003310000002,0.275031830000000,,AMAZONIA,620029162,2,0.3164444440,-76.3014444000
E000000542,-78.575003310000000,0.325031830000000,,SIERRA,670065869,4,0.3104444440,-78.5716666000
E000000543,-78.275003310000002,0.325031830000000,V,SIERRA,670047438,2,0.3335555550,-78.2451111000
E000000544,-78.225003310000005,0.325031830000000,V,SIERRA,670059725,4,0.3334444440,-78.2413333000
E000000545,-77.975003310000005,0.325031830000000,V,SIERRA,670079182,2,0.3496666660,-77.9287777000
E000000546,-79.325003310000000,0.375031830000000,,COSTA,670053579,2,0.3872222220,-79.3322222000
E000000547,-79.125003309999997,0.375031830000000,,COSTA,670018763,2,0.4320000000,-79.1622222000
E000000548,-78.975003310000005,0.375031830000000,,COSTA,670050508,2,0.3532222220,-79.0244444000
E000000549,-78.775003310000002,0.375031830000000,,SIERRA,670044365,2,0.2240000000,-78.9204444000
E000000550,-78.525003310000002,0.375031830000000,V,SIERRA,670079179,3,0.3444444440,-78.5287777000
E000000551,-78.425003309999994,0.375031830000000,,SIERRA,670045386,2,0.4121111110,-78.4204444000
E000000552,-78.225003310000005,0.375031830000000,,SIERRA,670074059,2,0.3734444440,-78.2221111000
E000000553,-78.175003309999994,0.375031830000000,,SIERRA,670084299,4,0.3901111110,-78.1766666000
E000000554,-78.125003309999997,0.375031830000000,V,SIERRA,670076108,3,0.3794444440,-78.1161111000
E000000555,-77.925003309999994,0.375031830000000,V,SIERRA,670082252,3,0.3801111110,-77.9243333000
E000000556,-77.675003309999994,0.375031830000000,,AMAZONIA,620612582,2,0.3741111110,-77.6390000000
E000000557,-76.225003310000005,0.375031830000000,,AMAZONIA,620912550,5,0.3711111110,-76.1875555000
E000000558,-76.175003309999994,0.375031830000000,,AMAZONIA,620918054,5,0.3880000000,-76.1610000000
E000000559,-78.525003310000002,0.425031830000000,,SIERRA,670055625,3,0.4155555550,-78.5326666000
E000000560,-78.025003310000002,0.425031830000000,V,SIERRA,670058698,2,0.4724444440,-78.0178888000
E000000561,-76.275003310000002,0.425031830000000,,AMAZONIA,620929059,5,0.4004444440,-76.2564444000
E000000562,-79.325003310000000,0.475031830000000,,COSTA,670096584,4,0.4546666660,-79.3327777000
E000000563,-78.425003309999994,0.475031830000000,,SIERRA,670059718,2,0.4696666660,-78.4231111000
E000000564,-79.775003310000002,0.525031830000000,,COSTA,670062788,2,0.5701111110,-79.8951111000
E000000565,-78.575003310000000,0.525031830000000,,COSTA,670051526,2,0.5502222220,-78.5902222000
E000000566,-78.175003309999994,0.525031830000000,V,SIERRA,670084294,3,0.5274444440,-78.1680000000
E000000567,-78.025003310000002,0.525031830000000,V,SIERRA,670061764,3,0.4754444440,-78.0738888000
E000000568,-77.525003310000002,0.525031830000000,,AMAZONIA,620769438,4,0.4993333330,-77.5168888000
E000000569,-79.025003310000002,0.575031830000000,,COSTA,670076101,2,0.5843333330,-79.0027777000
E000000570,-80.025003310000002,0.625031830000000,V,COSTA,670090435,3,0.6261111110,-80.0408888000
E000000571,-78.325003310000000,0.625031830000000,,SIERRA,670062787,2,0.6273333330,-78.3244444000
E000000572,-78.125003309999997,0.625031830000000,V,SIERRA,670048450,2,0.6154444440,-78.1341111000
E000000573,-78.075003310000000,0.625031830000000,,SIERRA,670048450,2,0.6154444440,-78.1341111000
E000000574,-77.975003310000005,0.625031830000000,,SIERRA,670072001,2,0.6470000000,-77.9594444000
E000000575,-77.925003309999994,0.625031830000000,V,SIERRA,670040257,2,0.6366666660,-77.9302222000
E000000576,-77.825003310000000,0.625031830000000,V,SIERRA,670052546,2,0.5905555550,-77.7793333000
E000000577,-77.775003310000002,0.625031830000000,,SIERRA,670061762,2,0.6055555550,-77.7672222000
E000000578,-79.375003309999997,0.675031830000000,,COSTA,670084289,3,0.6760000000,-79.3944444000
E000000579,-78.175003309999994,0.675031830000000,,SIERRA,670096577,5,0.6636666660,-78.1764444000
E000000580,-77.725003310000005,0.675031830000000,V,SIERRA,670038208,2,0.6497777770,-77.7321111000
E000000582,-78.575003310000000,0.725031830000000,,COSTA,670057664,2,0.6864444440,-78.6720000000
E000000583,-78.425003309999994,0.725031830000000,,SIERRA,670068928,3,0.7555555550,-78.4594444000
E000000584,-78.225003310000005,0.725031830000000,,SIERRA,670069950,5,0.7331111110,-78.2235555000
E000000585,-78.175003309999994,0.725031830000000,,SIERRA,670062783,3,0.7128888880,-78.2053333000
E000000586,-78.075003310000000,0.725031830000000,,SIERRA,670034110,2,0.7215555550,-78.1564444000
E000000587,-80.025003310000002,0.775031830000000,,COSTA,670005438,2,0.7264444440,-80.0086666000
E000000588,-79.675003309999994,0.775031830000000,V,COSTA,670071997,3,0.8221111110,-79.7070000000
E000000589,-79.075003310000000,0.775031830000000,,COSTA,670080189,4,0.8297777770,-79.0567777000
E000000590,-78.975003310000005,0.825031830000000,,COSTA,670093499,3,0.8266666660,-78.9737777000
E000000591,-78.725003310000005,0.825031830000000,,COSTA,670106811,5,0.8604444440,-78.7320000000
E000000593,-77.725003310000005,0.825031830000000,V,SIERRA,670077115,2,0.8432222220,-77.7061111000
E000000594,-79.625003309999997,0.875031830000000,V,COSTA,670084281,6,0.8763333330,-79.6266666000
E000000595,-79.725003310000005,0.925031830000000,,COSTA,670073016,3,0.9220000000,-79.6573333000
E000000596,-79.675003309999994,0.925031830000000,,COSTA,670073016,3,0.9220000000,-79.6573333000
E000000597,-79.375003309999997,0.925031830000000,,COSTA,670071992,2,0.9340000000,-79.3705555000
E000000598,-78.575003310000000,0.925031830000000,,COSTA,670051511,2,0.9710000000,-78.6532222000
E000000599,-78.425003309999994,0.925031830000000,,SIERRA,670052535,2,0.8845555550,-78.4606666000
E000000600,-78.225003310000005,0.925031830000000,,SIERRA,670052536,2,0.9371111110,-78.1906666000
E000000603,-79.625003309999997,0.975031830000000,V,COSTA,670069942,6,0.9880000000,-79.6338888000
E000000604,-78.575003310000000,1.075031830000000,,COSTA,670045360,2,1.1295555550,-78.6040000000
E000000605,-78.425003309999994,1.075031830000000,,SIERRA,670017714,2,1.0584444440,-78.4822222000
E000000607,-79.025003310000002,1.175031830000000,,COSTA,670034094,2,1.1792222220,-79.0031111000
E000000609,-78.725003310000005,1.275031830000000,,COSTA,670049449,2,1.3056666660,-78.8051111000
