Clave,Longitud,Latitud,Altura,Nombre,Virtual,Region,comid
E000000001,-79.275003310000002,-4.774968170000000,3059,,,AMAZONIA,620610106
E000000002,-79.025003310000002,-4.774968170000000,1456,,,AMAZONIA,620567449
E000000003,-79.325003310000000,-4.674968170000000,2816,,,AMAZONIA,620538548
E0000M0438,-79.465000000000003,-4.628055556000000,2100,JIMBURA,,SIERRA,670042501
E0000M0150,-79.430555560000002,-4.584722222000000,1672,AMALUZA INAMHI,,SIERRA,670068097
E000000006,-79.375003309999997,-4.524968170000000,2085,,,SIERRA,670043520
E000000007,-80.375003309999997,-4.474968170000001,116,,,SIERRA,670083454
E000000011,-79.375003309999997,-4.474968170000001,2354,,,SIERRA,670042492
E000000012,-79.125003309999997,-4.474968170000001,2149,,,AMAZONIA,620659625
E000000013,-78.925003309999994,-4.474968170000001,2297,,,AMAZONIA,620771079
E0000M0439,-79.810277780000007,-4.361111111000000,700,SABIANGO INAMHI,,SIERRA,670051705
E000000015,-79.475003310000005,-4.374968170000000,1274,,V,SIERRA,670046586
E0000M0147,-79.175055560000004,-4.367916667000001,1835,YANGANA,,SIERRA,670054777
E000000017,-80.375003309999997,-4.324968170000000,438,,,SIERRA,670053750
E000000018,-80.025003310000002,-4.324968170000000,423,,,SIERRA,670026104
E0000M0434,-79.788888889999996,-4.324722222000000,1427,SOZORANGA INAMHI,,SIERRA,670051703
E0000M0544,-79.693055560000005,-4.316666667000000,2410,COLAISACA,,SIERRA,670034295
E0000M0146,-79.554333330000006,-4.333388889000000,1950,CARIAMANGA,,SIERRA,670052727
E000000022,-79.225003310000005,-4.324968170000000,1695,,V,SIERRA,670047608
E0000M0437,-80.198611110000002,-4.280833333000001,328,SAUCILLO(ALAMOR EN),,SIERRA,670071158
E000000024,-79.575003310000000,-4.274968170000000,1514,,,SIERRA,670063991
E000000025,-79.425003309999994,-4.274968170000000,2385,,V,SIERRA,670046581
E0000M0149,-79.419611110000005,-4.229555556000000,2042,GONZANAMA,,SIERRA,670035316
E0000M0143,-79.273333330000000,-4.216111111000000,1453,MALACATOS,,SIERRA,670057844
E000000028,-80.425003309999994,-4.174968170000000,304,,,SIERRA,670045555
E0000M0765,-80.123611109999999,-4.199444444000000,710,SABANILLA-PREDESUR,,SIERRA,670054772
E000000030,-80.225003310000005,-4.124968170000000,674,,,SIERRA,670036338
E0000M0148,-79.950972219999997,-4.104416667000000,1904,CELICA,,SIERRA,670055793
E000000032,-79.875003309999997,-4.124968170000000,1053,,,SIERRA,670046576
E000000033,-79.475003310000005,-4.124968170000000,1579,,,SIERRA,670041458
E000000034,-79.275003310000002,-4.124968170000000,2009,,,SIERRA,670049649
E000000035,-79.125003309999997,-4.124968170000000,2739,,,AMAZONIA,620612823
E0000M0515,-79.644444440000001,-4.055833333000000,1808,CATACOCHA,,SIERRA,670042477
E000000037,-78.675003309999994,-4.074968170000000,920,,,AMAZONIA,620638963
E0000M0435,-80.025444440000001,-4.021444444000000,1250,ALAMOR,,SIERRA,670047597
E000000039,-79.975003310000005,-4.024968170000000,1189,,,SIERRA,670040429
E000000040,-79.625003309999997,-4.024968170000000,1769,,,SIERRA,670042477
E0000M0033,-79.203400000000002,-4.037500000000000,2160,LA ARGELIA-LOJA,,SIERRA,620694002
E000000042,-79.375003309999997,-3.974968170000000,1236,,,SIERRA,670052715
E000000043,-79.325003310000000,-3.974968170000000,1777,,V,SIERRA,670048619
E000000044,-79.275003310000002,-3.974968170000000,2343,,,SIERRA,670048619
E000000045,-79.075003310000000,-3.974968170000000,2026,,V,AMAZONIA,620616942
E000000046,-80.375003309999997,-3.924968170000000,678,,,COSTA,670053740
E000000047,-80.225003310000005,-3.924968170000000,422,,,COSTA,670050666
E000000048,-79.875003309999997,-3.924968170000000,1009,,,SIERRA,670034282
E000000049,-79.675003309999994,-3.924968170000000,1779,,,SIERRA,670033256
E000000050,-79.475003310000005,-3.924968170000000,1886,,,SIERRA,670029161
E000000051,-78.675003309999994,-3.924968170000000,822,,V,AMAZONIA,620974700
E000000052,-80.025003310000002,-3.774968170000000,425,,,COSTA,670029156
E000000053,-79.925003309999994,-3.774968170000000,526,,,COSTA,670030180
E000000054,-79.775003310000002,-3.774968170000000,931,,,COSTA,670036324
E000000055,-79.475003310000005,-3.774968170000000,1676,,,COSTA,670033251
E000000056,-79.125003309999997,-3.774968170000000,2772,,,AMAZONIA,620616931
E000000057,-78.925003309999994,-3.774968170000000,1476,,,AMAZONIA,620834339
E000000058,-79.825003310000000,-3.724968170000000,798,,,COSTA,670032225
E0000M0432,-79.261388890000006,-3.731944444000000,2525,SAN LUCAS INAMHI,,SIERRA,620669217
E000000060,-79.725003310000005,-3.674968170000000,1074,,V,COSTA,670035296
E0000M0180,-79.611555559999999,-3.697527778000000,1100,ZARUMA,,COSTA,670036321
E0000M0142,-79.232100000000003,-3.612100000000000,2525,SARAGURO,,SIERRA,670038366
E0000M0502,-78.590000000000003,-3.628333333000000,650,EL PANGUI,,AMAZONIA,620579771
E000000064,-80.475003310000005,-3.574968170000000,12,,,COSTA,670048598
E000000065,-79.925003309999994,-3.574968170000000,181,,,COSTA,670033245
E000000066,-79.825003310000000,-3.574968170000000,841,,,COSTA,670032221
E000000067,-79.475003310000005,-3.574968170000000,3367,,,SIERRA,670040414
E000000068,-79.125003309999997,-3.574968170000000,3148,,,SIERRA,670057819
E000000069,-78.975003310000005,-3.574968170000000,2186,,,AMAZONIA,620003224
E000000070,-80.175003309999994,-3.524968170000000,18,,V,COSTA,670034264
E000000071,-79.875003309999997,-3.524968170000000,115,,,COSTA,670025050
E000000072,-79.775003310000002,-3.424968170000000,218,,,COSTA,670027094
E000000073,-79.325003310000000,-3.424968170000000,1648,,,SIERRA,670045528
E000000074,-79.125003309999997,-3.424968170000000,2361,,,SIERRA,670036311
E000000075,-78.875003309999997,-3.424968170000000,3067,,,AMAZONIA,620541232
E000000076,-80.225003310000005,-3.374968170000000,13,,,COSTA,670040407
E0000M0189,-78.577583329999996,-3.400944444000000,750,GUALAQUIZA INAMHI,,AMAZONIA,620699471
E000000078,-80.275003310000002,-3.324968170000000,0,,,COSTA,670038356
E000000079,-79.825003310000000,-3.324968170000000,19,,V,COSTA,670042451
E000000080,-79.725003310000005,-3.324968170000000,132,,,COSTA,670032213
E000000081,-79.625003309999997,-3.324968170000000,258,,,COSTA,670033235
E0000M0481,-79.583333330000002,-3.321111111000000,290,USHCURRUMI,,COSTA,670031187
E000000083,-78.275003310000002,-3.324968170000000,1515,,,AMAZONIA,620597644
E000000084,-79.925003309999994,-3.274968170000000,13,,V,COSTA,670019921
E000000085,-79.275003310000002,-3.274968170000000,1249,,V,SIERRA,670016849
E000000086,-79.225003310000005,-3.224968170000000,1921,,,SIERRA,670030158
E000000087,-78.975003310000005,-3.224968170000000,3136,,,SIERRA,670021969
E000000088,-78.775003310000002,-3.224968170000000,1922,,,AMAZONIA,620582502
E000000089,-79.475003310000005,-3.174968170000000,3345,,,SIERRA,670018894
E0000M0419,-79.148888889999995,-3.163333333000000,2130,GIRON,,SIERRA,670017869
E000000091,-79.875003309999997,-3.124968170000000,0,,,COSTA,670026059
E000000092,-79.725003310000005,-3.074968170000000,463,,V,SIERRA,670012746
E000000093,-78.575003310000000,-3.074968170000000,1952,,,AMAZONIA,620685694
E000000094,-79.475003310000005,-3.024968170000000,2182,,,SIERRA,670011721
E000000095,-79.325003310000000,-3.024968170000000,3776,,,SIERRA,620611386
E000000096,-79.125003309999997,-3.024968170000000,2991,,,SIERRA,620739354
E000000097,-78.975003310000005,-3.024968170000000,2909,,,SIERRA,620740730
E0000M0424,-78.786111109999993,-3.048333333000000,2600,SIGSIG INAMHI,,SIERRA,620821917
E000000099,-78.025003310000002,-3.024968170000000,371,,,AMAZONIA,621057211
E000000100,-80.125003309999997,-2.974968170000000,0,,,COSTA,670018887
E000000101,-79.625003309999997,-2.974968170000000,189,,,COSTA,670027079
E000000102,-79.125003309999997,-2.924968170000000,3117,,,SIERRA,620843927
E000000103,-79.675003309999994,-2.874968170000000,53,,,COSTA,670020930
E000000104,-79.525003310000002,-2.874968170000000,849,,,COSTA,670014786
E000000105,-79.325003310000000,-2.874968170000000,4146,,,SIERRA,670019908
E0000M0427,-79.076111109999999,-2.865833333000000,2780,SAYAUSI(MATADERO DJ.),,SIERRA,620797139
E000000107,-78.975003310000005,-2.874968170000000,2476,,V,SIERRA,620889331
E0000M0139,-78.780600000000007,-2.898100000000000,2230,GUALACEO,,SIERRA,620871445
E000000109,-80.225003310000005,-2.824968170000000,24,,,COSTA,670013761
E000000110,-80.125003309999997,-2.824968170000000,11,,,COSTA,670013761
E0000M0429,-79.131666670000001,-2.826111111000000,2800,SURUCUCHO(LLULLUCHIS),,SIERRA,620783377
E000000112,-79.025003310000002,-2.824968170000000,3029,,,SIERRA,620005938
E0000M0426,-78.948611110000002,-2.850833333000000,2545,RICAURTE-CUENCA,,SIERRA,621028308
E000000114,-78.875003309999997,-2.824968170000000,2330,,,SIERRA,620805392
E0000M0431,-78.657222219999994,-2.804166667000000,2360,SEVILLA DE ORO,,SIERRA,620775120
E000000116,-79.025003310000002,-2.774968170000000,3308,,,SIERRA,620008686
E0000M0138,-78.762799999999999,-2.800000000000000,2194,PAUTE,,SIERRA,621009039
E000000118,-79.925003309999994,-2.724968170000000,0,,,COSTA,670024000
E0000M0141,-79.073055560000000,-2.732777778000000,3335,EL LABRADO,,SIERRA,620005931
E000000120,-78.875003309999997,-2.724968170000000,2559,,V,SIERRA,620747595
E000000121,-78.625003309999997,-2.724968170000000,2698,,V,SIERRA,620930603
E000000122,-78.325003310000000,-2.724968170000000,646,,V,AMAZONIA,620959499
E0000M0176,-79.618055560000002,-2.659916667000000,50,NARANJAL,,COSTA,670020924
E000000124,-79.475003310000005,-2.674968170000000,1377,,,COSTA,670037305
E000000125,-79.325003310000000,-2.674968170000000,2046,,,SIERRA,670016827
E000000126,-79.125003309999997,-2.674968170000000,4131,,,SIERRA,670017852
E000000127,-78.425003309999994,-2.674968170000000,2490,,,AMAZONIA,620616873
E000000128,-77.875003309999997,-2.674968170000000,802,,,AMAZONIA,620524677
E000000129,-77.475003310000005,-2.674968170000000,225,,,AMAZONIA,621021416
E000000130,-78.625003309999997,-2.624968170000000,2463,,,SIERRA,620967750
E000000131,-77.075003310000000,-2.624968170000000,273,,,AMAZONIA,620768224
E000000132,-80.375003309999997,-2.574968170000000,14,,,COSTA,670030136
E000000133,-79.575003310000000,-2.574968170000000,25,,,COSTA,670045496
E000000134,-79.375003309999997,-2.574968170000000,456,,,COSTA,670038329
E000000135,-78.925003309999994,-2.574968170000000,3361,,V,SIERRA,670041398
E000000136,-78.875003309999997,-2.574968170000000,3039,,,SIERRA,670047544
E000000137,-78.775003310000002,-2.574968170000000,3188,,,SIERRA,670028088
E0000M0410,-78.650000000000006,-2.573611111000000,2450,RIO MAZAR-RIVERA,,SIERRA,620786115
E000000139,-78.575003310000000,-2.574968170000000,2166,,V,SIERRA,620989764
E000000140,-78.525003310000002,-2.574968170000000,2171,,,AMAZONIA,620976006
E000000141,-76.825003310000000,-2.574968170000000,260,,,AMAZONIA,621013154
E0000M0477,-79.543888890000005,-2.530277700000000,50,PUERTO INCA(CA�AR EN),,COSTA,670061878
E000000143,-78.875003309999997,-2.524968170000000,3248,,V,SIERRA,670044470
E000000144,-78.425003309999994,-2.524968170000000,3273,,,AMAZONIA,620541184
E000000145,-79.225003310000005,-2.474968170000000,740,,,SIERRA,670043443
E0000M0412,-79.058999999999997,-2.446800000000000,2620,SUSCALPAMBA(CAPILLA DOLOROSA),,SIERRA,670050612
E0000M0412,-79.058999999999997,-2.446800000000000,2620,SUSCALPAMBA(CAPILLA DOLOROSA),,SIERRA,670049588
E000000147,-79.375003309999997,-2.424968170000000,37,,,SIERRA,670031156
E000000148,-79.125003309999997,-2.424968170000000,1462,,,SIERRA,670044466
E000000149,-77.525003310000002,-2.374968170000000,533,,,AMAZONIA,620757206
E000000150,-77.125003309999997,-2.374968170000000,306,,,AMAZONIA,620620986
E000000151,-80.425003309999994,-2.324968170000000,76,,,COSTA,670043439
E000000152,-79.475003310000005,-2.324968170000000,21,,,COSTA,670052654
E000000153,-79.325003310000000,-2.324968170000000,66,,,COSTA,670068015
E000000154,-78.925003309999994,-2.324968170000000,2598,,V,SIERRA,670053678
E000000155,-78.575003310000000,-2.324968170000000,4134,,,AMAZONIA,620571444
E000000156,-78.475003310000005,-2.324968170000000,2577,,,AMAZONIA,620572820
E000000157,-77.825003310000000,-2.324968170000000,1435,,,AMAZONIA,620541174
E000000158,-76.725003310000005,-2.324968170000000,279,,,AMAZONIA,620601719
E000000159,-80.425003309999994,-2.274968170000000,73,,,COSTA,670048557
E000000160,-79.925003309999994,-2.274968170000000,0,,,COSTA,670045483
E000000161,-79.875003309999997,-2.274968170000000,8,,,COSTA,670019886
E000000161,-79.875003309999997,-2.274968170000000,8,,,COSTA,670068013
E0000M0136,-78.922200000000004,-2.274300000000000,2177,CHUNCHI,,SIERRA,670086444
E000000163,-78.875003309999997,-2.274968170000000,3137,,,SIERRA,670073132
E000000164,-78.775003310000002,-2.274968170000000,3380,,V,SIERRA,670069037
E000000165,-78.175003309999994,-2.274968170000000,1210,,,AMAZONIA,620773715
E000000166,-78.125003309999997,-2.274968170000000,1057,,V,AMAZONIA,620773715
E000000167,-76.425003309999994,-2.274968170000000,303,,,AMAZONIA,620810865
E000000168,-80.825003310000000,-2.224968170000000,19,,,COSTA,670003499
E000000169,-80.575003310000000,-2.224968170000000,72,,,COSTA,670052651
E000000170,-80.125003309999997,-2.224968170000000,37,,,COSTA,670053673
E000000171,-79.925003309999994,-2.224968170000000,9,,,COSTA,670045483
E000000172,-79.875003309999997,-2.224968170000000,1,,,COSTA,670086442
E000000173,-79.425003309999994,-2.224968170000000,30,,,COSTA,670042411
E0000M0405,-78.813888890000001,-2.231111111000000,2438,GUASUNTOS,,SIERRA,670048555
E000000175,-80.475003310000005,-2.174968170000000,81,,,COSTA,670048553
E000000176,-80.025003310000002,-2.174968170000000,227,,,COSTA,670050602
E000000177,-79.975003310000005,-2.174968170000000,105,,,COSTA,670052650
E000000178,-79.875003309999997,-2.174968170000000,2,,V,COSTA,670081320
E000000179,-79.325003310000000,-2.174968170000000,74,,,COSTA,670084394
E000000180,-79.125003309999997,-2.174968170000000,552,,,COSTA,670076202
E000000181,-78.975003310000005,-2.174968170000000,3292,,,SIERRA,670047529
E000000182,-78.825003310000000,-2.174968170000000,2747,,,SIERRA,670065960
E000000183,-78.575003310000000,-2.174968170000000,3734,,,SIERRA,620600335
E000000184,-78.425003309999994,-2.174968170000000,3162,,,AMAZONIA,620611340
E000000185,-79.715003310000000,-2.224968170000000,5,,V,COSTA,670056747
E000000186,-77.925003309999994,-2.074968170000000,1045,,,AMAZONIA,620715911
E000000187,-80.625003309999997,-2.024968170000000,5,,,COSTA,670056739
E000000188,-79.975003310000005,-2.024968170000000,61,,,COSTA,670051621
E000000188,-79.975003310000005,-2.024968170000000,61,,,COSTA,670052644
E0000M0391,-78.972222220000006,-2.000472222000000,1523,PALLATANGA,,SIERRA,670035234
E000000190,-79.325003310000000,-1.974968170000000,21,,,COSTA,670040352
E0000M0130,-79.066800000000001,-1.980100000000000,2320,CHILLANES,,SIERRA,670037281
E000000192,-78.775003310000002,-1.974968170000000,3574,,,SIERRA,620711780
E000000193,-78.175003309999994,-1.974968170000000,1795,,,AMAZONIA,620735172
E000000194,-77.425003309999994,-1.974968170000000,468,,,AMAZONIA,620681509
E000000195,-77.075003310000000,-1.974968170000000,367,,,AMAZONIA,620651236
E000000196,-76.725003310000005,-1.974968170000000,279,,,AMAZONIA,620554914
E000000197,-76.375003309999997,-1.974968170000000,213,,,AMAZONIA,620682885
E000000198,-80.675003309999994,-1.924968170000000,77,,V,COSTA,670047519
E000000199,-79.775003310000002,-1.924968170000000,11,,,COSTA,670029087
E000000200,-79.075003310000000,-1.924968170000000,2703,,V,SIERRA,670032161
E0000M0402,-78.980000000000004,-1.941944444000000,2266,CHIMBO DJ PANGOR,,SIERRA,670046496
E0000M0395,-78.640833330000007,-1.907777778000000,2930,CEBADAS,,SIERRA,620945696
E000000203,-76.075003310000000,-1.924968170000000,215,,,AMAZONIA,620817729
E000000204,-80.225003310000005,-1.874968170000000,47,,,COSTA,670077213
E0000M0396,-78.483333329999994,-1.883333333000000,3200,ALAO,,SIERRA,620750302
E0000M0051,-79.547222219999995,-1.796944444000000,7,BABAHOYO-UTB,,COSTA,670066971
E000000207,-78.625003309999997,-1.824968170000000,3170,,V,SIERRA,620545276
E000000208,-78.575003310000000,-1.824968170000000,3112,,,SIERRA,620843870
E000000209,-79.275003310000002,-1.774968170000000,105,,,COSTA,670058778
E000000210,-79.125003309999997,-1.774968170000000,1864,,,SIERRA,670032155
E0000M0404,-78.995972219999999,-1.807222222000000,2800,CA�I-LIMBE,,SIERRA,670035227
E000000212,-78.775003310000002,-1.774968170000000,3582,,,SIERRA,620651227
E000000213,-78.425003309999994,-1.774968170000000,3612,,,AMAZONIA,620615448
E000000214,-78.675003309999994,-1.724968170000000,2848,,V,SIERRA,620827348
E000000215,-80.725003310000005,-1.674968170000000,323,,,COSTA,670062871
E000000216,-80.125003309999997,-1.674968170000000,23,,,COSTA,670066966
E0000M0476,-79.995833329999996,-1.696111111000000,7,LA CAPILLA INAMHI,,COSTA,670074133
E000000218,-79.025003310000002,-1.674968170000000,2713,,,SIERRA,670042391
E000000219,-78.625003309999997,-1.674968170000000,2738,,V,SIERRA,620988341
E000000220,-78.525003310000002,-1.674968170000000,3788,,,SIERRA,620684243
E000000221,-79.325003310000000,-1.624968170000000,165,,,COSTA,670057749
E000000222,-79.275003310000002,-1.624968170000000,294,,V,SIERRA,670057749
E0000M0388,-79.131388889999997,-1.580000000000000,2200,RIO SAN ANTONIO-MONJAS,,SIERRA,670047507
E0000M0393,-78.782666669999998,-1.632250000000000,3220,SAN JUAN-CHIMBORAZO,,SIERRA,620794321
E0000M0408,-78.635277779999996,-1.609166667000000,2620,GUANO,,SIERRA,620813584
E000000226,-78.425003309999994,-1.624968170000000,3991,,,SIERRA,620583793
E000000227,-78.225003310000005,-1.624968170000000,1965,,,AMAZONIA,620571410
E000000228,-77.475003310000005,-1.624968170000000,550,,,AMAZONIA,620812211
E000000229,-76.375003309999997,-1.624968170000000,202,,,AMAZONIA,620037520
E000000230,-76.025003310000002,-1.624968170000000,188,,,AMAZONIA,621026864
E0000M0459,-80.591666669999995,-1.578888889000000,465,SAN PABLO-MANABI,,COSTA,670042389
E0000M0458,-80.505833330000002,-1.578333333000000,200,COLIMES DE PAJAN,,COSTA,670041363
E000000233,-80.379898999999995,-1.723855000000000,152,,V,COSTA,670065946
E0000M0466,-79.751333329999994,-1.542361111000000,14,VINCES INAMHI,,COSTA,670061841
E000000235,-77.125003309999997,-1.574968170000000,361,,,AMAZONIA,620586541
E000000236,-76.725003310000005,-1.574968170000000,265,,,AMAZONIA,620700750
E000000237,-75.725003310000005,-1.574968170000000,201,,,AMAZONIA,620814957
E000000238,-80.425003309999994,-1.524968170000000,225,,,COSTA,670059792
E000000239,-80.025003310000002,-1.524968170000000,20,,V,COSTA,670037265
E000000240,-79.525003310000002,-1.524968170000000,15,,V,COSTA,670061839
E000000241,-79.025003310000002,-1.524968170000000,3158,,,SIERRA,670066960
E0000M0169,-80.626166670000003,-1.474527778000000,263,JULCUY,,COSTA,670044432
E000000243,-80.575003310000000,-1.474968170000000,279,,,COSTA,670040335
E0000M0451,-80.538611110000005,-1.479444444000000,398,EL ANEGADO,,COSTA,670006544
E000000245,-79.725003310000005,-1.474968170000000,25,,,COSTA,670073103
E000000246,-79.675003309999994,-1.474968170000000,34,,,COSTA,670069007
E000000247,-79.525003310000002,-1.474968170000000,37,,,COSTA,670061839
E000000248,-79.325003310000000,-1.474968170000000,173,,,SIERRA,670052624
E000000249,-78.675003309999994,-1.474968170000000,3738,,V,SIERRA,620618184
E0000M0008,-77.956000000000003,-1.505700000000000,956,PUYO,,AMAZONIA,620709003
E000000251,-80.225534999999994,-1.525866000000000,137,,V,COSTA,670042385
E000000252,-79.875003309999997,-1.424968170000000,11,,,COSTA,670071053
E000000253,-79.825003310000000,-1.424968170000000,47,,,COSTA,670021901
E0000M0465,-79.465555559999999,-1.444166667000000,52,VENTANAS INAMHI,,COSTA,670061838
E0000M0383,-79.278611110000000,-1.431694444000000,308,,,COSTA,670054670
E000000256,-79.125003309999997,-1.424968170000000,1366,,,SIERRA,670050575
E000000257,-78.775003310000002,-1.424968170000000,4262,,,SIERRA,620505351
E000000258,-78.275003310000002,-1.424968170000000,1702,,V,SIERRA,621022725
E000000259,-80.625003309999997,-1.374968170000000,207,,,COSTA,670047499
E0000M0455,-80.594444440000004,-1.362500000000000,260,JOA-JIPIJAPA,,COSTA,670006539
E000000261,-80.425003309999994,-1.374968170000000,212,,,COSTA,670009611
E0000M0166,-80.206944440000001,-1.394694444000000,50,OLMEDO-MANABI,,COSTA,670058764
E000000263,-79.725003310000005,-1.374968170000000,17,,,COSTA,670042380
E000000264,-79.525003310000002,-1.374968170000000,14,,,COSTA,670056716
E000000265,-78.725003310000005,-1.374968170000000,3900,,,SIERRA,620682848
E0000M0128,-78.612777780000002,-1.356111111000000,2910,PEDRO FERMIN CEVALLOS(COLEGIO),,SIERRA,620630561
E000000267,-78.575003310000000,-1.374968170000000,3362,,V,SIERRA,620768163
E0000M0380,-78.530933329999996,-1.390722222000000,2880,HUAMBALO,,SIERRA,620612675
E000000269,-78.425003309999994,-1.374968170000000,2045,,V,SIERRA,620960804
E000000270,-78.375003309999997,-1.374968170000000,2969,,,SIERRA,620864482
E000000271,-77.775003310000002,-1.374968170000000,959,,,AMAZONIA,620669092
E0000M0457,-80.737444440000004,-1.352722222000000,14,PUERTO CAYO,,COSTA,670050571
E000000273,-80.575003310000000,-1.324968170000000,359,,,COSTA,670063880
E000000274,-79.725003310000005,-1.324968170000000,42,,,COSTA,670047500
E000000275,-79.425003309999994,-1.324968170000000,40,,,COSTA,670074120
E0000M0376,-78.732805560000003,-1.304527778000000,3314,PILAHUIN,,SIERRA,620722751
E0000M0377,-78.670277780000006,-1.348333333000000,3266,TISALEO,,SIERRA,620630561
E000000278,-78.475003310000005,-1.324968170000000,2555,,V,SIERRA,620009985
E0000M0447,-80.418333329999996,-1.278777778000000,115,24 DE MAYO(JABONCILLO),,COSTA,670049544
E000000280,-79.125003309999997,-1.274968170000000,1414,,,SIERRA,670059784
E000000281,-78.975003310000005,-1.274968170000000,2944,,,SIERRA,670045447
E000000282,-78.825003310000000,-1.274968170000000,3319,,,SIERRA,620750269
E000000283,-78.625003309999997,-1.274968170000000,2721,,V,SIERRA,620642943
E000000284,-78.225003310000005,-1.274968170000000,2138,,,SIERRA,620794301
E000000285,-78.075003310000000,-1.274968170000000,2245,,,AMAZONIA,620682847
E000000286,-77.125003309999997,-1.274968170000000,302,,,AMAZONIA,620933278
E000000287,-75.675003309999994,-1.274968170000000,204,,,AMAZONIA,620736511
E0000M0449,-80.586666670000000,-1.258055556000000,255,SANCAN-INAMHI,,COSTA,670052615
E000000289,-80.425003309999994,-1.224968170000000,84,,,COSTA,670050568
E000000290,-80.325003310000000,-1.224968170000000,185,,,COSTA,670050566
E000000291,-79.775003310000002,-1.224968170000000,49,,,COSTA,670070022
E000000292,-79.575003310000000,-1.224968170000000,40,,,COSTA,670045444
E000000293,-79.325003310000000,-1.224968170000000,89,,,SIERRA,670071045
E000000294,-79.275003310000002,-1.224968170000000,200,,,SIERRA,670050567
E000000295,-78.725003310000005,-1.224968170000000,3323,,,SIERRA,620644316
E000000296,-78.625003309999997,-1.224968170000000,2553,,,SIERRA,620927772
E000000297,-77.425003309999994,-1.224968170000000,481,,,AMAZONIA,620934652
E000000298,-76.775003310000002,-1.224968170000000,311,,,AMAZONIA,620875484
E000000299,-76.375003309999997,-1.224968170000000,240,,,AMAZONIA,620850714
E000000300,-76.025003310000002,-1.224968170000000,236,,,AMAZONIA,620547996
E000000301,-80.825003310000000,-1.174968170000000,80,,,COSTA,670056709
E0000M0448,-80.624166669999994,-1.152777778000000,235,LA LAGUNA,,COSTA,670007555
E0000M0470,-79.494166669999998,-1.176944444000000,58,MOCACHE,,COSTA,670061828
E000000304,-77.875003309999997,-1.174968170000000,490,,V,AMAZONIA,620915385
E0000M0450,-80.777222219999999,-1.129444444000000,197,CAMARONES-MANABI,,COSTA,670055683
E000000306,-80.175003309999994,-1.124968170000000,369,,,COSTA,670044418
E000000307,-79.475003310000005,-1.124968170000000,58,,V,COSTA,670081281
E0000M0123,-79.081900000000005,-1.135100000000000,1471,EL CORAZON,,SIERRA,670079235
E000000309,-78.925003309999994,-1.124968170000000,2814,,,SIERRA,670039298
E0000M0453,-80.688888890000001,-1.054166667000000,226,CHORRILLOS,,COSTA,670065921
E0000M0454,-80.292500000000004,-1.054444444000000,118,RIO CHICO EN ALAJUELA,,COSTA,670052608
E000000312,-80.225003310000005,-1.074968170000000,385,,,COSTA,670048512
E000000313,-79.475003310000005,-1.074968170000000,72,,,COSTA,670075133
E000000314,-78.725003310000005,-1.074968170000000,3409,,V,SIERRA,620637428
E000000315,-78.475003310000005,-1.074968170000000,3173,,,SIERRA,620831442
E000000316,-78.225003310000005,-1.074968170000000,2765,,,AMAZONIA,620703476
E0000M0005,-80.459599999999995,-1.037600000000000,46,PORTOVIEJO-UTM,,COSTA,670062848
E0000M0464,-80.232777780000006,-1.036666667000000,128,RIO CHAMOTETE-JESUS MARIA,,COSTA,670047487
E000000319,-79.475003310000005,-1.024968170000000,70,,,COSTA,670075133
E000000320,-78.725003310000005,-1.024968170000000,3493,,,SIERRA,620704850
E0000M0004,-78.594600000000000,-1.020000000000000,2685,RUMIPAMBA-SALCEDO,,SIERRA,620889232
E000000322,-78.425003309999994,-1.024968170000000,3788,,,SIERRA,620798418
E000000323,-77.425003309999994,-1.024968170000000,407,,,AMAZONIA,620572751
E000000324,-80.725003310000005,-0.974968170000000,37,,,COSTA,670057725
E000000325,-80.675003309999994,-0.974968170000000,24,,,COSTA,670057725
E000000326,-79.275003310000002,-0.974968170000000,177,,,SIERRA,670053628
E000000327,-79.225003310000005,-0.974968170000000,396,,,SIERRA,670074109
E000000328,-76.225003310000005,-0.974968170000000,201,,,AMAZONIA,620036110
E000000329,-80.425003309999994,-0.724968170000000,227,,V,COSTA,670056690
E0000M0462,-80.208888889999997,-0.928333333000000,20,JUNIN,,COSTA,670049531
E000000331,-80.175003309999994,-0.924968170000000,334,,,COSTA,670061818
E000000332,-79.775003310000002,-0.924968170000000,91,,,COSTA,670042364
E000000333,-79.225003310000005,-0.924968170000000,236,,V,SIERRA,670065915
E000000334,-78.975003310000005,-0.924968170000000,3765,,V,SIERRA,670074108
E000000335,-78.775003310000002,-0.924968170000000,4055,,,SIERRA,620505325
E000000336,-78.625003309999997,-0.924968170000000,2762,,V,SIERRA,620934634
E000000337,-78.525003310000002,-0.924968170000000,3496,,,SIERRA,620549355
E000000338,-78.475003310000005,-0.924968170000000,3745,,,SIERRA,620549355
E000000339,-77.825003310000000,-0.924968170000000,586,,V,AMAZONIA,620831435
E000000340,-77.375003309999997,-0.924968170000000,315,,V,AMAZONIA,620550731
E000000341,-75.425003309999994,-0.924968170000000,200,,,AMAZONIA,620715851
E000000342,-75.375003309999997,-0.924968170000000,183,,V,AMAZONIA,621037832
E000000343,-80.275003310000002,-0.874968170000000,87,,,COSTA,670067960
E000000344,-80.075003310000000,-0.874968170000000,185,,,COSTA,670082298
E000000345,-79.475003310000005,-0.874968170000000,93,,,COSTA,670085369
E000000346,-79.075003310000000,-0.874968170000000,1445,,,SIERRA,670078202
E000000347,-76.025003310000002,-0.874968170000000,220,,,AMAZONIA,620889223
E000000348,-80.075003310000000,-0.824968170000000,76,,,COSTA,670078199
E000000349,-79.275003310000002,-0.824968170000000,172,,,COSTA,670070007
E000000350,-78.875003309999997,-0.824968170000000,3011,,,SIERRA,670082296
E0000M0375,-78.663499999999999,-0.834722222000000,2892,SAQUISILI,,SIERRA,620841059
E000000352,-78.275003310000002,-0.824968170000000,3534,,,AMAZONIA,620626407
E000000353,-77.875003309999997,-0.824968170000000,1267,,V,AMAZONIA,620025094
E000000354,-77.025003310000002,-0.824968170000000,347,,,AMAZONIA,620857575
E000000355,-76.825003310000000,-0.824968170000000,328,,,AMAZONIA,621021317
E000000356,-78.725003310000005,-0.774968170000000,3457,,,SIERRA,620576867
E000000357,-77.125003309999997,-0.774968170000000,355,,,AMAZONIA,620543844
E000000358,-76.775003310000002,-0.774968170000000,313,,,AMAZONIA,620897474
E000000359,-75.625003309999997,-0.774968170000000,175,,,AMAZONIA,620740611
E000000360,-79.975003310000005,-0.724968170000000,157,,,COSTA,670067956
E000000361,-79.325003310000000,-0.724968170000000,196,,,COSTA,670074100
E000000362,-79.125003309999997,-0.724968170000000,634,,,SIERRA,670076148
E000000363,-78.625003309999997,-0.724968170000000,3109,,V,SIERRA,620741986
E000000364,-78.425003309999994,-0.724968170000000,4125,,,SIERRA,620655299
E000000365,-78.225003310000005,-0.724968170000000,3824,,,AMAZONIA,620791519
E000000366,-77.125003309999997,-0.724968170000000,270,,,AMAZONIA,620992417
E000000367,-76.825003310000000,-0.724968170000000,284,,,AMAZONIA,620967650
E000000368,-76.775003310000002,-0.724968170000000,252,,,AMAZONIA,620940129
E000000369,-76.725003310000005,-0.724968170000000,252,,,AMAZONIA,620898850
E000000370,-76.675003309999994,-0.724968170000000,334,,,AMAZONIA,620673182
E0000M0162,-80.036500000000004,-0.664138889000000,36,CHONE-U.CATOLICA,,COSTA,670062833
E000000372,-79.975003310000005,-0.674968170000000,228,,,COSTA,670061809
E000000373,-79.425003309999994,-0.674968170000000,102,,,COSTA,670093554
E000000374,-78.875003309999997,-0.674968170000000,2545,,V,SIERRA,670108915
E000000375,-78.725003310000005,-0.674968170000000,4246,,V,SIERRA,670071027
E000000376,-77.825003310000000,-0.674968170000000,1431,,,AMAZONIA,620626399
E000000377,-76.825003310000000,-0.674968170000000,285,,,AMAZONIA,620845182
E000000378,-76.725003310000005,-0.674968170000000,313,,,AMAZONIA,620977280
E000000379,-76.425003309999994,-0.674968170000000,241,,,AMAZONIA,620858942
E000000380,-76.875003309999997,-0.624968170000000,317,,,AMAZONIA,620031962
E000000381,-79.225003310000005,-0.574968170000000,361,,,SIERRA,670062830
E000000382,-78.425003309999994,-0.574968170000000,3659,,V,SIERRA,670075119
E000000383,-80.275003310000002,-0.524968170000000,128,,,COSTA,670064876
E000000384,-80.075003310000000,-0.524968170000000,96,,,COSTA,670048493
E000000385,-79.475003310000005,-0.524968170000000,168,,,COSTA,670091498
E000000386,-79.125003309999997,-0.524968170000000,786,,,SIERRA,670086381
E000000387,-78.975003310000005,-0.524968170000000,2467,,,SIERRA,670062827
E000000388,-78.575003310000000,-0.524968170000000,2986,,,SIERRA,670068972
E000000389,-78.225003310000005,-0.524968170000000,3980,,V,AMAZONIA,620525941
E000000390,-77.025003310000002,-0.524968170000000,288,,,AMAZONIA,621010295
E000000391,-76.125003309999997,-0.524968170000000,209,,,AMAZONIA,620758487
E000000392,-75.675003309999994,-0.524968170000000,200,,,AMAZONIA,620860310
E0000M0026,-79.348900000000000,-0.492800000000000,319,PUERTO ILA,,SIERRA,670085353
E000000394,-78.775003310000002,-0.474968170000000,2120,,,SIERRA,670078186
E000000395,-78.575003310000000,-0.474968170000000,2850,,,SIERRA,670069994
E000000396,-78.525003310000002,-0.474968170000000,3286,,,SIERRA,670069995
E000000397,-78.375003309999997,-0.474968170000000,3448,,,SIERRA,670067945
E000000398,-77.925003309999994,-0.474968170000000,2112,,,AMAZONIA,620834161
E000000399,-77.525003310000002,-0.474968170000000,1603,,V,AMAZONIA,620596117
E000000400,-77.075003310000000,-0.474968170000000,298,,,AMAZONIA,620946993
E000000401,-77.025003310000002,-0.474968170000000,255,,,AMAZONIA,620666291
E000000402,-76.975003310000005,-0.474968170000000,249,,V,AMAZONIA,620930483
E000000403,-76.875003309999997,-0.474968170000000,275,,,AMAZONIA,620960754
E000000404,-80.425003309999994,-0.424968170000000,93,,,COSTA,670077160
E000000405,-79.925003309999994,-0.424968170000000,160,,,COSTA,670059752
E000000405,-79.925003309999994,-0.424968170000000,160,,,COSTA,670051560
E000000406,-78.975003310000005,-0.424968170000000,1611,,V,SIERRA,670072042
E000000407,-78.775003310000002,-0.424968170000000,1951,,,SIERRA,670059753
E000000408,-78.475003310000005,-0.424968170000000,3252,,,SIERRA,670066919
E000000409,-78.425003309999994,-0.424968170000000,2925,,V,SIERRA,670091493
E000000410,-77.875003309999997,-0.424968170000000,2040,,,AMAZONIA,620876818
E000000411,-77.075003310000000,-0.424968170000000,267,,,AMAZONIA,620797008
E000000412,-76.975003310000005,-0.424968170000000,247,,,AMAZONIA,620586480
E000000413,-76.775003310000002,-0.424968170000000,235,,,AMAZONIA,620865808
E000000414,-76.625003309999997,-0.424968170000000,240,,,AMAZONIA,620940111
E000000415,-76.575003310000000,-0.424968170000000,235,,,AMAZONIA,620980017
E000000416,-76.525003310000002,-0.424968170000000,241,,,AMAZONIA,621073584
E000000417,-79.325003310000000,-0.374968170000000,288,,,SIERRA,670062823
E000000418,-79.125003309999997,-0.374968170000000,776,,,SIERRA,670040295
E000000419,-78.775003310000002,-0.374968170000000,1823,,,SIERRA,670071015
E0000M0003,-78.555000000000007,-0.365833000000000,3058,IZOBAMBA,,SIERRA,670056680
E0000M0113,-78.530833329999993,-0.397222222000000,2740,UYUMBICHO,,SIERRA,670056680
E000000422,-78.425003309999994,-0.374968170000000,2721,,,SIERRA,670091493
E000000423,-78.125003309999997,-0.374968170000000,3141,,V,AMAZONIA,620670414
E0000M0490,-77.819999999999993,-0.385000000000000,1615,SARDINAS,,AMAZONIA,620640142
E000000425,-77.025003310000002,-0.374968170000000,265,,,AMAZONIA,620557584
E000000426,-76.825003310000000,-0.374968170000000,254,,,AMAZONIA,620714445
E000000427,-76.775003310000002,-0.374968170000000,250,,,AMAZONIA,620598860
E000000428,-76.725003310000005,-0.374968170000000,277,,,AMAZONIA,620631888
E000000429,-76.625003309999997,-0.374968170000000,249,,,AMAZONIA,620583727
E000000430,-76.525003310000002,-0.374968170000000,260,,,AMAZONIA,620575470
E000000431,-76.425003309999994,-0.374968170000000,223,,,AMAZONIA,620576846
E000000432,-80.075003310000000,-0.324968170000000,276,,,COSTA,670103781
E000000433,-79.425003309999994,-0.324968170000000,240,,V,COSTA,670058726
E000000434,-79.025003310000002,-0.324968170000000,853,,,SIERRA,670090469
E000000435,-78.425003309999994,-0.324968170000000,2510,,V,SIERRA,670092519
E000000436,-78.275003310000002,-0.324968170000000,3766,,V,SIERRA,670083301
E000000437,-78.125003309999997,-0.324968170000000,3938,,,AMAZONIA,620530058
E000000438,-77.825003310000000,-0.324968170000000,1650,,,AMAZONIA,620874058
E000000439,-77.375003309999997,-0.324968170000000,484,,,AMAZONIA,620740587
E000000440,-77.025003310000002,-0.324968170000000,272,,,AMAZONIA,620948357
E000000441,-76.875003309999997,-0.324968170000000,264,,,AMAZONIA,620594728
E000000442,-76.725003310000005,-0.324968170000000,293,,,AMAZONIA,620869930
E000000443,-76.675003309999994,-0.324968170000000,272,,,AMAZONIA,620620875
E000000444,-80.325003310000000,-0.274968170000000,73,,,COSTA,670094564
E000000445,-80.225003310000005,-0.274968170000000,214,,,COSTA,670087395
E000000446,-79.475003310000005,-0.274968170000000,229,,V,COSTA,670088418
E000000447,-78.475003310000005,-0.274968170000000,2559,,,SIERRA,670064867
E000000448,-78.425003309999994,-0.274968170000000,2903,,,SIERRA,670076132
E000000449,-78.275003310000002,-0.274968170000000,3488,,,SIERRA,670076131
E000000450,-77.925003309999994,-0.274968170000000,3222,,V,AMAZONIA,620865799
E000000451,-76.575003310000000,-0.274968170000000,257,,,AMAZONIA,620565833
E000000452,-79.875003309999997,-0.224968170000000,225,,,COSTA,670077153
E000000453,-79.225003310000005,-0.224968170000000,467,,V,SIERRA,670064865
E000000454,-78.775003310000002,-0.224968170000000,1781,,V,SIERRA,670087394
E000000455,-78.625003309999997,-0.224968170000000,3089,,V,SIERRA,670077154
E000000456,-78.575003310000000,-0.224968170000000,3270,,V,SIERRA,670066914
E000000457,-78.525003310000002,-0.224968170000000,2927,,V,SIERRA,670093538
E0000M0002,-78.370400000000004,-0.231800000000000,2480,LA TOLA,,SIERRA,670097634
E000000459,-78.075003310000000,-0.224968170000000,3333,,,AMAZONIA,620618117
E000000460,-76.675003309999994,-0.224968170000000,256,,,AMAZONIA,620596102
E000000461,-76.325003310000000,-0.224968170000000,254,,,AMAZONIA,620601605
E000000462,-80.175003309999994,-0.174968170000000,72,,,COSTA,670007519
E000000463,-79.675003309999994,-0.174968170000000,162,,,COSTA,670061792
E000000464,-79.475003310000005,-0.174968170000000,226,,,COSTA,670074079
E000000465,-78.975003310000005,-0.174968170000000,684,,,SIERRA,670071008
E000000466,-78.525003310000002,-0.174968170000000,3324,,V,SIERRA,670059744
E0000M0024,-78.487700000000004,-0.178300000000000,2789,QUITO INAMHI-I�AQUITO,,SIERRA,670059744
E000000468,-78.425003309999994,-0.174968170000000,2369,,,SIERRA,670078176
E000000469,-78.325003310000000,-0.174968170000000,2538,,V,SIERRA,670053599
E000000470,-77.875003309999997,-0.174968170000000,3511,,,AMAZONIA,620005795
E000000471,-77.125003309999997,-0.174968170000000,375,,,AMAZONIA,620539685
E000000472,-76.925003309999994,-0.174968170000000,301,,,AMAZONIA,620746081
E000000473,-76.825003310000000,-0.174968170000000,274,,,AMAZONIA,620031937
E000000474,-76.725003310000005,-0.174968170000000,256,,,AMAZONIA,620030564
E000000475,-76.675003309999994,-0.174968170000000,286,,,AMAZONIA,620602977
E000000476,-76.625003309999997,-0.174968170000000,247,,,AMAZONIA,620026435
E000000477,-76.375003309999997,-0.174968170000000,245,,,AMAZONIA,620655266
E000000478,-76.275003310000002,-0.174968170000000,231,,,AMAZONIA,620554818
E000000479,-76.225003310000005,-0.174968170000000,227,,,AMAZONIA,620554818
E000000480,-76.025003310000002,-0.174968170000000,237,,,AMAZONIA,620842402
E000000481,-75.675003309999994,-0.174968170000000,218,,,AMAZONIA,620735075
E000000482,-78.525003310000002,-0.124968170000000,3181,,,SIERRA,670047453
E000000483,-78.325003310000000,-0.124968170000000,2481,,V,SIERRA,670049502
E000000484,-78.075003310000000,-0.124968170000000,3837,,V,SIERRA,670044382
E000000485,-76.875003309999997,-0.124968170000000,294,,,AMAZONIA,620506656
E000000486,-76.425003309999994,-0.124968170000000,241,,,AMAZONIA,620042945
E000000487,-76.375003309999997,-0.124968170000000,222,,,AMAZONIA,620519041
E000000488,-76.325003310000000,-0.124968170000000,236,,,AMAZONIA,620519041
E000000489,-76.275003310000002,-0.124968170000000,234,,,AMAZONIA,620702050
E000000490,-80.075003310000000,-0.074968170000000,88,,,COSTA,670083292
E000000491,-78.575003310000000,-0.074968170000000,2793,,V,SIERRA,670047451
E000000492,-78.425003309999994,-0.074968170000000,2715,,V,SIERRA,670045406
E000000493,-78.375003309999997,-0.074968170000000,2024,,,SIERRA,670081245
E000000494,-78.175003309999994,-0.074968170000000,3379,,V,SIERRA,670052572
E000000495,-78.125003309999997,-0.074968170000000,3424,,V,SIERRA,670075100
E000000496,-78.075003310000000,-0.074968170000000,3540,,,SIERRA,670048477
E000000497,-76.875003309999997,-0.074968170000000,294,,,AMAZONIA,620722685
E000000498,-76.675003309999994,-0.074968170000000,268,,,AMAZONIA,620853406
E000000499,-76.275003310000002,-0.074968170000000,264,,,AMAZONIA,620637374
E000000500,-79.975003310000005,-0.024968170000000,63,,,COSTA,670051546
E000000501,-77.425003309999994,-0.024968170000000,931,,,AMAZONIA,620546554
E000000502,-80.025003310000002,0.025031830000000,135,,,COSTA,670067926
E000000503,-79.675003309999994,0.025031830000000,227,,,COSTA,670043352
E000000504,-79.475003310000005,0.025031830000000,195,,,SIERRA,670063832
E000000505,-79.375003309999997,0.025031830000000,224,,V,SIERRA,670069976
E000000506,-79.125003309999997,0.025031830000000,533,,,SIERRA,670054615
E000000507,-78.775003310000002,0.025031830000000,1593,,,SIERRA,670050520
E000000508,-78.525003310000002,0.025031830000000,3082,,V,SIERRA,670050521
E000000509,-78.425003309999994,0.025031830000000,2211,,,SIERRA,670064857
E000000510,-78.225003310000005,0.025031830000000,2755,,V,SIERRA,670048472
E000000511,-77.875003309999997,0.025031830000000,3308,,,SIERRA,620736440
E000000512,-76.575003310000000,0.025031830000000,251,,,AMAZONIA,620569944
E000000513,-76.275003310000002,0.025031830000000,238,,,AMAZONIA,620026424
E000000514,-80.075003310000000,0.075031830000000,0,,,COSTA,670068950
E000000515,-78.975003310000005,0.075031830000000,794,,,SIERRA,670063825
E000000516,-78.675003309999994,0.075031830000000,1373,,V,SIERRA,670056663
E000000517,-78.625003309999997,0.075031830000000,1725,,,SIERRA,670054613
E000000518,-77.325003310000000,0.075031830000000,516,,,AMAZONIA,620806615
E000000519,-76.875003309999997,0.075031830000000,302,,V,AMAZONIA,620850647
E000000520,-79.925003309999994,0.125031830000000,177,,,COSTA,670052565
E000000521,-76.925003309999994,0.125031830000000,320,,,AMAZONIA,620638739
E000000522,-75.875003309999997,0.125031830000000,218,,,AMAZONIA,620962099
E000000523,-79.475003310000005,0.175031830000000,147,,,COSTA,670013650
E000000524,-79.325003310000000,0.175031830000000,129,,,COSTA,670084308
E000000525,-79.125003309999997,0.175031830000000,375,,,SIERRA,670044371
E000000526,-78.975003310000005,0.175031830000000,647,,,SIERRA,670046419
E000000527,-78.775003310000002,0.175031830000000,1393,,,SIERRA,670018771
E000000528,-78.575003310000000,0.175031830000000,1237,,,SIERRA,670064851
E000000529,-78.425003309999994,0.175031830000000,2256,,,SIERRA,670083282
E000000530,-77.875003309999997,0.175031830000000,3349,,,AMAZONIA,620612593
E000000531,-77.125003309999997,0.175031830000000,369,,,AMAZONIA,620838258
E000000532,-78.325003310000000,0.225031830000000,2784,,,SIERRA,670044368
E0000M0105,-78.250000000000000,0.243333333000000,2550,OTAVALO,,SIERRA,670062800
E000000534,-78.175003309999994,0.225031830000000,3118,,V,SIERRA,670045393
E000000535,-78.075003310000000,0.225031830000000,3053,,,SIERRA,670051537
E000000536,-77.975003310000005,0.225031830000000,3574,,,SIERRA,670047441
E0000M0001,-78.408000000000001,0.257500000000000,3140,INGUINCHO,,SIERRA,670043344
E000000538,-78.325003310000000,0.275031830000000,2733,,,SIERRA,670036174
E000000539,-78.275003310000002,0.275031830000000,2498,,,SIERRA,670064848
E000000540,-77.975003310000005,0.275031830000000,3384,,,SIERRA,670066896
E000000541,-76.275003310000002,0.275031830000000,301,,,AMAZONIA,620029162
E000000542,-78.575003310000000,0.325031830000000,1501,,,SIERRA,670065869
E000000543,-78.275003310000002,0.325031830000000,2615,,V,SIERRA,670047438
E000000544,-78.225003310000005,0.325031830000000,2388,,V,SIERRA,670059725
E000000545,-77.975003310000005,0.325031830000000,2966,,V,SIERRA,670079182
E000000546,-79.325003310000000,0.375031830000000,148,,,COSTA,670053579
E000000547,-79.125003309999997,0.375031830000000,236,,,COSTA,670018763
E000000548,-78.975003310000005,0.375031830000000,897,,,COSTA,670050508
E000000549,-78.775003310000002,0.375031830000000,2252,,,SIERRA,670044365
E000000550,-78.525003310000002,0.375031830000000,1817,,V,SIERRA,670079179
E000000551,-78.425003309999994,0.375031830000000,2409,,,SIERRA,670045386
E0000M0021,-78.227500000000006,0.353611111000000,2200,ATUNTAQUI,,SIERRA,670077132
E000000553,-78.175003309999994,0.375031830000000,2018,,,SIERRA,670084299
E000000554,-78.125003309999997,0.375031830000000,2247,,V,SIERRA,670076108
E000000555,-77.925003309999994,0.375031830000000,1799,,V,SIERRA,670082252
E000000556,-77.675003309999994,0.375031830000000,2114,,,AMAZONIA,620612582
E000000557,-76.225003310000005,0.375031830000000,229,,,AMAZONIA,620912550
E000000558,-76.175003309999994,0.375031830000000,227,,,AMAZONIA,620918054
E000000559,-78.525003310000002,0.425031830000000,2048,,,SIERRA,670055625
E000000560,-78.025003310000002,0.425031830000000,2448,,V,SIERRA,670058698
E000000561,-76.275003310000002,0.425031830000000,262,,,AMAZONIA,620929059
E000000562,-79.325003310000000,0.475031830000000,394,,,COSTA,670096584
E000000563,-78.425003309999994,0.475031830000000,3061,,,SIERRA,670059718
E000000564,-79.775003310000002,0.525031830000000,331,,,COSTA,670062788
E000000565,-78.575003310000000,0.525031830000000,1990,,,COSTA,670051526
E0000M0107,-78.211111110000004,0.518055556000000,2335,CAHUASQUI-FAO,,SIERRA,670055622
E000000567,-78.025003310000002,0.525031830000000,1844,,V,SIERRA,670061764
E000000568,-77.525003310000002,0.525031830000000,1835,,,AMAZONIA,620769438
E000000569,-79.025003310000002,0.575031830000000,419,,,COSTA,670076101
E000000570,-80.025003310000002,0.625031830000000,3,,V,COSTA,670090435
E000000571,-78.325003310000000,0.625031830000000,2095,,,SIERRA,670062787
E0000M0301,-78.135333329999995,0.607277778000000,1280,FF CC CARCHI,,SIERRA,670093507
E000000573,-78.075003310000000,0.625031830000000,2711,,,SIERRA,670048450
E0000M0102,-77.944900000000004,0.618900000000000,3000,EL ANGEL,,SIERRA,670074049
E000000575,-77.925003309999994,0.715031830000000,3960,,V,SIERRA,670044352
E0000M0103,-77.819444439999998,0.604166667000000,2860,SAN GABRIEL,,SIERRA,670057667
E000000577,-77.775003310000002,0.625031830000000,2758,,,SIERRA,670061762
E000000578,-79.375003309999997,0.675031830000000,159,,,COSTA,670084289
E000000579,-78.175003309999994,0.675031830000000,1887,,,SIERRA,670096577
E0000M0305,-77.720333330000003,0.656416667000000,2890,JULIO ANDRADE,,SIERRA,670060737
E000000582,-78.575003310000000,0.725031830000000,1424,,,COSTA,670057664
E000000583,-78.425003309999994,0.725031830000000,1189,,,SIERRA,670068928
E000000584,-78.225003310000005,0.725031830000000,1217,,,SIERRA,670069950
E000000585,-78.175003309999994,0.725031830000000,1633,,,SIERRA,670062783
E000000586,-78.075003310000000,0.725031830000000,3683,,,SIERRA,670034110
E000000587,-80.025003310000002,0.775031830000000,264,,,COSTA,670005438
E000000588,-79.675003309999994,0.775031830000000,328,,V,COSTA,670071997
E000000589,-79.075003310000000,0.775031830000000,76,,,COSTA,670080189
E000000590,-78.975003310000005,0.825031830000000,23,,,COSTA,670093499
E0000M0444,-78.683055560000000,0.798333333000000,100,TEAONE-TABIAZO,,COSTA,670067898
E000000593,-77.725003310000005,0.825031830000000,2911,,V,SIERRA,670077115
E000000594,-79.625003309999997,0.875031830000000,9,,V,COSTA,670084281
E000000595,-79.725003310000005,0.925031830000000,101,,,COSTA,670073016
E000000596,-79.675003309999994,0.925031830000000,3,,,COSTA,670073016
E000000597,-79.375003309999997,0.925031830000000,257,,,COSTA,670071992
E000000598,-78.575003310000000,0.925031830000000,567,,,COSTA,670051511
E000000599,-78.425003309999994,0.925031830000000,1054,,,SIERRA,670052535
E000000600,-78.225003310000005,0.925031830000000,2195,,,SIERRA,670052536
E000000603,-79.625003309999997,0.975031830000000,12,,V,COSTA,670069942
E000000604,-78.575003310000000,1.075031830000000,341,,,COSTA,670045360
E000000605,-78.425003309999994,1.075031830000000,537,,,SIERRA,670017714
E000000607,-79.025003310000002,1.175031830000000,33,,,COSTA,670047406
E000000609,-78.725003310000005,1.275031830000000,81,,,COSTA,670049449
E0000M0041,-77.958611110000007,-1.690833333000000,880,SANGAY(P.SANTA ANA),,AMAZONIA,620648468
E0000M0101,-77.611666670000005,0.684166667000000,2955,EL CARMELO,,AMAZONIA,620518998
E0000M0165,-80.446777780000005,-0.926722222000000,20,ROCAFUERTE,,AMAZONIA,670088444
E0000M0308,-77.855472219999996,0.800305556000000,3418,TUFI�O,,AMAZONIA,670044347
E0000M0409,-78.882499999999993,-1.827777778000000,3109,PANGOR-J.DE VELASCO(H.TEPEYAC),,AMAZONIA,670042395
E0000M0414,-78.773611110000004,-2.675000000000000,3270,CHANIN,,AMAZONIA,620574217
E0000M0417,-79.172222219999995,-2.774444444000000,3270,PISCICOLA CHIRIMICHAY,,AMAZONIA,620732462
E0000M0418,-79.012777779999993,-3.082777778000000,2720,CUMBE,,AMAZONIA,620762748
E0000M0420,-79.066666670000004,-3.339166667000000,2750,NABON INAMHI,,AMAZONIA,670022996
E0000M0422,-79.257222220000003,-2.804166667000000,1310,HDA.STA.LUCIA-CAMINO RIRCAY,,AMAZONIA,670018880
E0000M0497,-78.221955559999998,-2.622213889000000,653,LOGRO�O,,AMAZONIA,620721446
E0000M0543,-79.348611109999993,-4.138888889000001,2420,CAJANUMA,,AMAZONIA,670060914
E0000M0006,-79.461666670000000,-1.100000000000000,120,PICHILINGUE,,COSTA,670081281
E0000M0031,-78.945200000000000,-2.552200000000000,3083,CA�AR,,SIERRA,670041398
E0000M0037,-79.600277779999999,-2.118055556000000,23,MILAGRO(INGENIO VALDEZ),,COSTA,670074152
E0000M0171,-80.401166669999995,-1.592833333000000,156,CAMPOSANO #2,,COSTA,670056724
E0000H0011,-78.450417000000002,0.875417000000000,,MIRA EN LITA,,SIERRA,670078137
E0000H0013,-78.255874000000006,0.762482000000000,,BLANCO AJ MIRA,,SIERRA,670065853
E0000H0015,-78.075339000000000,0.476689000000000,,CHOTA EN PTE.CARRETERA,,SIERRA,670104776
E0000H0016,-77.940804000000000,0.439196000000000,,APAQUI AJ CHOTA,,SIERRA,670095560
E0000H0017,-77.849086000000000,0.497577000000000,,APAQUI D GRUTA LA PAZ #3,,SIERRA,670078151
E0000H0018,-77.855417000000003,0.492083000000000,,YAIL AJ APAQUI,,SIERRA,670080199
E0000H0022,-77.826378000000005,0.575570000000000,,SAN GABRIEL EN PTE.CARRETERA,,SIERRA,670057667
E0000H0023,-78.214583000000005,0.372917000000000,,AMBI DJ CARIYACU,,SIERRA,670083275
E0000H0024,-78.300832000000000,0.250832000000000,,BLANCO EN PTE.CARRETERA,,SIERRA,670044368
E0000H0026,-78.209575000000001,0.201636000000000,,ITAMBI EN L.S.PABLO,,SIERRA,670050514
E0000H0045,-77.783199999999994,0.536800000000000,,APAQUI DJ MINAS,,SIERRA,670082245
E0000H0064,-77.950417000000002,0.626861000000000,,EL ANGEL EN PTE.AYORA,,SIERRA,670074049
E0000H0091,-77.846110999999993,0.804167000000000,,GRANDE AJ JATIVA,,SIERRA,670060732
E0000H0093,-77.749013000000005,0.813750000000000,,BOBO EN PLTA.ELEC.TULCAN,,SIERRA,670076091
E0000H0136,-78.680417000000006,0.150418000000000,,ALAMBI EN CHURUPAMBA,,SIERRA,670072020
E0000H0138,-79.280403000000007,-0.087924000000000,,BLANCO D.J. TOACHI(PTE.UNICOOP),,COSTA,670086365
E0000H0139,-78.904787999999996,0.007088000000000,,BLANCO EN LOS BANCOS,,SIERRA,670093529
E0000H0141,-78.023332999999994,0.149722000000000,,CANAL TABACUNDO,,SIERRA,670051540
E0000H0143,-78.172916999999998,0.014166000000000,,GRANOBLES AJ GUACHALA,,SIERRA,670057688
E0000H0144,-78.158283999999995,0.009601000000000,,GUACHALA AJ GRANOBLES,,SIERRA,670072025
E0000H0145,-78.429573000000005,0.092975000000000,,GUAYLLABAMBA DJ CUBI,,SIERRA,670062807
E0000H0146,-78.743751000000003,0.235415000000000,,GUAYLLABAMBA DJ ALAMBI,,SIERRA,670074065
E0000H0147,-78.999583000000001,0.220417000000000,,GUAYLLABAMBA DJ PACHIJAL,,SIERRA,670082257
E0000H0148,-78.406250000000000,0.013261000000000,,GUAYLLABAMBA DJ PISQUE,,SIERRA,670098649
E0000H0149,-78.640416999999999,0.180417000000000,,GUAYLLABAMBA EN PTE.CHACAPATA,,SIERRA,670066899
E0000H0150,-78.621661000000003,0.220005000000000,,INTAG DJ PAMPLONA,,SIERRA,670081232
E0000H0153,-79.031693000000004,-0.372640000000000,,LELIA DJ CRISTAL,,COSTA,670075111
E0000H0155,-78.835417000000007,-0.362917000000000,,PILATON DJ SACALZON(EN LA TOMA),,SIERRA,670086374
E0000H0156,-78.932917000000003,-0.312917000000000,,PILATON AJ TOACHI,,SIERRA,670102757
E0000H0158,-78.426249999999996,-0.571085000000000,,PITA AJ SALTO,,SIERRA,670077166
E0000H0159,-78.549582999999998,-0.460417000000000,,SAN PEDRO EN MACHACHI,,SIERRA,670089450
E0000H0160,-78.895274999999998,-0.393892000000000,,SARAPULLO AJ TOACHI,,SIERRA,670083304
E0000H0161,-78.953749999999999,-0.318166000000000,,TOACHI AJ PILATON,,COSTA,670107877
E0000H0163,-78.910708000000000,-0.364041000000000,,TOACHI DJ SARAPULLO,,SIERRA,670096615
E0000H0166,-78.951250000000002,-0.440417000000000,,TOACHI EN LAS PAMPAS,,SIERRA,670108905
E0000H0167,-79.138750000000002,-0.240417000000000,,TOACHI EN S.D.DE LOS COLORADOS,,COSTA,670107876
E0000H0168,-79.423214000000002,0.531547000000000,,ESMERALDAS DJ SADE,,COSTA,670087366
E0000H0170,-79.400139999999993,0.442360000000000,,GUAYLLABAMBA AJ BLANCO,,COSTA,670067913
E0000H0172,-79.703128000000007,0.843128000000000,,TEAONE DJ TABIAZO,,COSTA,670070970
E0000H0173,-79.705416999999997,0.858750000000000,,TEAONE AJ ESMERALDAS,,COSTA,670071994
E0000H0177,-79.477082999999993,0.329177000000000,,QUININDE EN QUININDE,,COSTA,670088398
E0000H0188,-78.854583000000005,-0.348750000000000,,PILATON D.J. CHITOA (EN LA ESPERIE),,COSTA,670087398
E0000H0206,-80.258739809999994,-0.214583299000000,,JAMA EN JAMA,,COSTA,670086369
E0000H0216,-79.603741999999997,-0.022083000000000,,BUA AJ QUININDE,,COSTA,670057690
E0000H0229,-80.161368999999993,-0.845298000000000,,CARRIZAL EN CALCETA,,COSTA,670084344
E0000H0230,-80.043750000000003,-0.664134000000000,,GARRAPATA AJ CHONE,,COSTA,670067951
E0000H0232,-80.025417000000004,-0.667917000000000,,MOSQUITO AJ GRANDE,,COSTA,670062833
E0000H0233,-80.182083000000006,-0.904583000000000,,JUNIN DJ EST.PALMAR,,COSTA,670079226
E0000H0235,-80.094465999999997,-0.694701000000000,,CHONE EN CHONE,,COSTA,670081266
E0000H0266,-80.225403000000000,-1.111272000000000,,PORTOVIEJO EN H.VASQUEZ (GUARUMO),,COSTA,670045442
E0000H0267,-80.365106999999995,-1.209060000000000,,PORTOVIEJO EN STA.ANA,,COSTA,670065925
E0000H0272,-80.422916999999998,-0.973750000000000,,CHICO AJ PORTOVIEJO,,COSTA,670071037
E0000H0273,-80.387083000000004,-1.180417000000000,,LODANA EN PTE.CARRETERA,,COSTA,670047493
E0000H0326,-79.386242999999993,-0.669583000000000,,BABA DJ TOACHI-DCP,,COSTA,670084337
E0000H0327,-79.325277999999997,-0.245556000000000,,CAJONES EN KM.18 1/2,,COSTA,670079204
E0000H0329,-79.068749999999994,-0.887917000000000,,PILALO EN LA ESPERANZA,,SIERRA,670068985
E0000H0330,-79.134583000000006,-2.221250000000000,,CHANCHAN EN KM.90+180,,SIERRA,670066987
E0000H0331,-79.005416999999994,-1.666635000000000,,CHIMBO EN SAN LORENZO,,SIERRA,670070038
E0000H0332,-79.005416999999994,-1.667083000000000,,CANAL CHIMBO EN SAN LORENZO,,SIERRA,670070038
E0000H0333,-78.999566000000002,-1.688750000000000,,SAN LORENZO EN SAN LORENZO,,SIERRA,670044439
E0000H0334,-79.070419000000001,-1.856873000000000,,DE CHIMA AJ LAS PESQ.(SICOTO AJ),,SIERRA,670061853
E0000H0335,-79.076615000000004,-1.869948000000000,,LAS PESQUERIAS AJ DE CHIMA,,SIERRA,670061853
E0000H0337,-79.001975000000002,-1.932814000000000,,PANGOR AJ CHIMBO,,SIERRA,670045471
E0000H0338,-79.008639000000002,-1.938068000000000,,CHIMBO DJ PANGOR,,SIERRA,670058784
E0000H0340,-79.138070999999997,-2.202919000000000,,CHIMBO EN BUCAY,,SIERRA,670084394
E0000H0343,-79.281250000000000,-1.428750000000000,,ECHEANDIA EN ECHEANDIA,,SIERRA,670054670
E0000H0344,-79.309583000000003,-1.209583000000000,,UMBE EN QUINSALOMA,,SIERRA,670071045
E0000H0345,-79.448750000000004,-1.571250000000000,,ZAPOTAL EN CATARAMA(CATARAMA EN),,COSTA,670041362
E0000H0346,-79.429167000000007,-1.398333000000000,,ZAPOTAL EN LECHUGAL,,COSTA,670064908
E0000H0347,-79.457070999999999,-1.007915000000000,,QUEVEDO EN QUEVEDO,,COSTA,670075133
E0000H0348,-79.750000000000000,-1.547083000000000,,VINCES EN VINCES-DCP,,COSTA,670061841
E0000H0351,-79.817082999999997,-1.048750000000000,,DAULE EN PICHINCHA,,COSTA,670066943
E0000H0352,-79.616249999999994,-1.066250000000000,,MACUL EN PTE.CARRETERA,,COSTA,670058752
E0000H0359,-80.377082999999999,-1.610417000000000,,PAJAN EN AGUA FRIA,,COSTA,670058772
E0000H0363,-79.912918000000005,-1.359974000000000,,DAULE EN BALZAR,,COSTA,670057738
E0000H0365,-79.994968999999998,-1.699584000000000,,DAULE EN LA CAPILLA,,COSTA,670074133
E0000H0371,-79.437293999999994,-1.830205000000000,,SAN PABLO EN PALMAR,,COSTA,670045468
E0000H0375,-78.960417000000007,-2.274583000000000,,CHANCHAN DJ HUATAXI,,SIERRA,670085421
E0000H0385,-79.061665000000005,-2.302923000000000,,ANGAS AJ CHANCHAN,,SIERRA,670072110
E0000H0390,-79.667083000000005,-2.135417000000000,,CHIMBO AJ MILAGRO INAMHI,,COSTA,670076200
E0000H0394,-79.393767999999994,-1.706250000000000,,EMBARCADERO EN H.CLEM(POT-STA.ROSA),,COSTA,670058773
E0000H0402,-79.695417000000006,-1.038750000000000,,CONGO EN PTE.CARRETERA,,COSTA,670060799
E0000H0414,-79.361249999999998,-0.676250000000000,,TOACHI AJ BABA,,COSTA,670109939
E0000H0447,-79.501249999999999,-2.292917000000000,,BULUBULU AJ PAYO,,COSTA,670078255
E0000H0448,-79.504166999999995,-2.281667000000000,,PAYO AJ BULUBULU,,COSTA,670060846
E0000H0466,-78.881666999999993,-2.539167000000000,,SILANTE EN INGAPIRCA,,SIERRA,670045494
E0000H0467,-78.872916000000004,-2.582084000000000,,VENDELECHE EN HDA.LA CURIA,,SIERRA,670039352
E0000H0468,-78.843498999999994,-2.583749000000000,,SAN PEDRO EN INGAPIRCA,,SIERRA,670046520
E0000H0471,-79.154410999999996,-2.482744000000000,,CANAR DJ RAURA,,SIERRA,670052660
E0000H0472,-79.556664999999995,-2.547498000000000,,CANAR EN PTO.INCA,,COSTA,670061878
E0000H0503,-79.787000000000006,-2.990416000000000,,TENGUEL EN TENGUEL,,COSTA,670021960
E0000H0504,-79.752544999999998,-3.076740000000000,,SIETE EN PTE.CARRETERA,,SIERRA,670015818
E0000H0505,-79.758505000000000,-3.087370000000000,,PAGUA EN PTE.CARRETERA,,COSTA,670017870
E0000H0507,-79.766841999999997,-3.106923000000000,,BONITO EN PTE.CARRETERA(AJ PAGUA),,COSTA,670020939
E0000H0508,-79.797083000000001,-3.203750000000000,,CHAGUANA EN PTE.CARRETERA,,COSTA,670034255
E0000H0526,-79.211995000000002,-3.617917000000000,,PAQUISHAPA EN PTE.CARRETERA,,SIERRA,670051678
E0000H0527,-79.158828999999997,-3.418841000000000,,LEON EN PTE.CARRETERA,,SIERRA,670049623
E0000H0528,-79.232917000000000,-3.267083000000000,,JUBONES DJ MINAS,,SIERRA,670026065
E0000H0529,-79.511240000000001,-3.310405000000000,,JUBONES DJ S.FRANCISCO,,COSTA,670027091
E0000H0530,-79.605416000000005,-3.323750000000000,,JUBONES EN USHCURRUMI,,COSTA,670031187
E0000H0531,-79.717083000000002,-3.327083000000000,,CASACAY AJ JUBONES,,COSTA,670032213
E0000H0547,-79.512083000000004,-3.308750000000000,,RIRCAY EN P.ALTO SALTANA,,SIERRA,670028115
E0000H0571,-79.807917000000003,-3.397741000000000,,RASPA EN ASERRIO(BUENA VISTA),,COSTA,670037334
E0000H0572,-79.878750010000005,-3.502083326000000,,Caluguro ABT Canal de Riego,,COSTA,670042458
E0000H0573,-79.946667000000005,-3.556667000000000,,SANTA ROSA EN EL VADO,,COSTA,670033245
E0000H0574,-80.048568000000003,-3.565514000000000,,ARENILLAS EN ARENILLAS,,COSTA,670035292
E0000H0586,-79.645416670000003,-3.677916659000000,,Calera AJ Amarillo,,COSTA,670042463
E0000H0587,-79.635503000000000,-3.763750000000000,,PINDO A.J. AMARILLO,,COSTA,670054755
E0000H0588,-79.612331999999995,-3.712331000000000,,AMARILLO EN PORTOVELO,,COSTA,670036321
E0000H0589,-79.929569000000001,-3.826255000000000,,PUYANGO AJ MARCABELI,,COSTA,670046566
E0000H0590,-79.934579999999997,-3.811254000000000,,MARCABELI AJ PUYANGO,,COSTA,670043493
E0000H0591,-80.079826999999995,-3.882917000000000,,PUYANGO EN CPTO.MILITAR (PTE.CARRETERA),,COSTA,670052712
E0000H0592,-79.740832999999995,-3.688333000000000,,MOROMORO EN MOROMORO,,COSTA,670035296
E0000H0616,-80.196250000000006,-4.258750000000000,,ALAMOR EN SAUCILLO(DJ CELICA),,SIERRA,670074229
E0000H0620,-79.861250010000006,-4.156666667000000,,Catamayo en Pte. Santa Rosa,,SIERRA,670071154
E0000H0621,-79.433684000000000,-4.581285000000000,,JORUPE EN AMALUZA,,SIERRA,670068097
E0000H0622,-79.253397870000001,-4.217564522000000,,Malacatus en Malacatus,,SIERRA,670056820
E0000H0625,-80.009333999999996,-4.032916000000000,,ALAMOR EN PTE.MERCADILLO,,SIERRA,670047597
E0000H0626,-79.963527999999997,-4.392305000000001,,MACARA EN PTE. INTERNACIONAL,,SIERRA,670082427
E0000H0628,-79.412076999999996,-4.007083000000000,,CATAMAYO DJ GUAYABAL,,SIERRA,670046572
E0000H0682,-77.390450160000000,0.027777778000000,,Due AJ Aguarico,,AMAZONIA,620874042
E0000H0712,-77.912277140000000,0.081250006000000,,AZUELA AJ SAN PEDRO,,AMAZONIA,620695157
E0000H0714,-77.578666999999996,-0.101167000000000,,COCA EN SAN RAFAEL,,AMAZONIA,620846528
E0000H0715,-77.747917000000001,-0.285000000000000,,QUIJOS AJ BOMBON,,AMAZONIA,620908457
E0000H0718,-77.885416000000006,-0.456251000000000,,QUIJOS EN BAEZA,,AMAZONIA,620876818
E0000H0719,-77.770325999999997,-0.306160000000000,,QUIJOS DJ OYACACHI,,AMAZONIA,620886442
E0000H0720,-77.798749999999998,-0.846250000000000,,MISAHUALLI EN COTUNDO,,AMAZONIA,620682819
E0000H0721,-77.918864999999997,-1.087917000000000,,JATUNYACU DJ ILOCULIN,,AMAZONIA,620958036
E0000H0722,-78.283325000000005,-0.694175000000000,,YANAHURCO DJ VALLE,,AMAZONIA,620706207
E0000H0723,-77.818750010000002,-0.437916661000000,,BORJA AJ QUIJOS,,AMAZONIA,620714450
E0000H0726,-77.632083339999994,-0.152083327000000,,Coca AJ Malo,,AMAZONIA,620882307
E0000H0729,-77.810416669999995,-0.325416660000000,,OYACACHI AJ QUIJOS,,AMAZONIA,620875435
E0000H0731,-77.858750000000001,-0.469583000000000,,COSANGA AJ QUIJOS,,AMAZONIA,620872692
E0000H0733,-77.829166000000001,-0.407083000000000,,QUIJOS AJ BORJA,,AMAZONIA,620875441
E0000H0735,-77.683750009999997,-0.197083327000000,,COCA EN CODO SINCLAIR,,AMAZONIA,620922213
E0000H0764,-78.826110999999997,-1.246389000000000,,CALAMACA DJ Q.HUARCUSACHA,,SIERRA,620633306
E0000H0772,-78.631250010000002,-0.870142768000000,,PUMACUNCHI EN H.PATOCOCHA,,SIERRA,620898855
E0000H0773,-78.624583340000001,-0.902083327000000,,ALAQUEZ AJ CUTUCHI(COL.S.RODR),,SIERRA,620733734
E0000H0774,-78.617916670000000,-0.936249994000000,,CUTUCHI EN LATACUNGA,,SIERRA,620900236
E0000H0775,-78.631250010000002,-0.896839789000000,,PUMACUNCHI EN LATACUNGA,,SIERRA,620874089
E0000H0776,-78.619801370000005,-0.929801355000000,,CUNUYACU EN LATACUNGA,,SIERRA,620830059
E0000H0781,-78.298749999999998,-1.400416000000000,,VERDE AJ PASTAZA,,SIERRA,620821826
E0000H0783,-78.599999999999994,-2.251111000000000,,OZOGOCHE EN LOS LAGOS,,SIERRA,620691154
E0000H0785,-78.750675189999995,-1.651508516000000,,CHIBUNGA EN CALPI,,SIERRA,620828722
E0000H0786,-78.634221999999994,-1.877917000000000,,GUAMOTE AJ CEBADAS,,SIERRA,620920929
E0000H0787,-78.511764999999997,-1.877083000000000,,ALAO EN HDA.ALAO,,SIERRA,620750302
E0000H0788,-78.474722000000000,-1.512222000000000,,PUELA AJ CHAMBO,,SIERRA,620814956
E0000H0789,-78.606250000000003,-1.869583000000000,,GUARGUALLA AJ CEBADAS,,SIERRA,620842494
E0000H0790,-78.640416999999999,-1.896250000000000,,CEBADAS AJ GUAMOTE,,SIERRA,620945696
E0000H0791,-78.714584000000002,-1.572522000000000,,BALSACON EN SAN ANDRES,,SIERRA,620770925
E0000H0792,-78.602917000000005,-1.064583000000000,,CUTUCHI AJ YANAYACU,,SIERRA,620889235
E0000H0793,-78.691953999999996,-1.064454000000000,,NAGSICHE PLTA.ELEC.CUSUBAMBA,,SIERRA,620711731
E0000H0795,-78.690917069999998,-0.777916660000000,,NEGRO AJ PUMACUNCHI,,SIERRA,620627778
E0000H0796,-78.458750010000003,-1.083749993000000,,YANAYACU EN PTE.PUCARA,,SIERRA,620831442
E0000H0797,-78.464444000000000,-0.810278000000000,,PANSACHI EN HDA.BAYOS,,SIERRA,620806661
E0000H0798,-78.177916999999994,-1.427917000000000,,PASTAZA AJ ENCANTO,,SIERRA,621030981
E0000H0800,-78.424582999999998,-1.393750000000000,,PASTAZA EN BANOS,,SIERRA,620960804
E0000H0801,-78.662646910000007,-1.261249993000000,,AMBATO EN AMBATO,,SIERRA,620915389
E0000H0817,-78.536184000000006,-1.234651000000000,,PATATE DJ AMBATO,,SIERRA,620974556
E0000H0839,-78.402752379999995,-1.368585696000000,,MUYO  AJ PASTAZA,,SIERRA,620864482
E0000H0854,-78.607083000000003,-0.743750000000000,,CUTUCHI EN CASPI,,SIERRA,620871330
E0000H0857,-78.602082999999993,-0.982917000000000,,ILLUCHI AJ CUTUCHI (CVA AMBATO),,SIERRA,620618156
E0000H0860,-78.741250010000002,-1.282916660000000,,AMBATO EN MARCOPAMBA,,SIERRA,620882366
E0000H0863,-78.607170240000002,-0.860503558000000,,ALAQUEZ EN PUENTE (LAIGUA),,SIERRA,620733734
E0000H0881,-78.496036000000004,-3.415206000000000,,BOMBOIZA AJ ZAMORA,,AMAZONIA,620887985
E0000H0883,-78.176250010000004,-2.465416660000000,,TUTANANGOSA EN SUCUA,,AMAZONIA,620909949
E0000H0884,-78.480243999999999,-3.413089000000000,,ZAMORA AJ BOMBOIZA,,AMAZONIA,620960913
E0000H0885,-78.680417000000006,-3.919594000000000,,NANGARITZA AJ ZAMORA,,AMAZONIA,621035243
E0000H0886,-79.008747000000000,-4.037917000000000,,SABANILLA AJ ZAMORA,,AMAZONIA,620805458
E0000H0887,-78.849480999999997,-3.915418000000000,,YACUAMBI AJ ZAMORA,,AMAZONIA,620992586
E0000H0888,-79.027917000000002,-3.955417000000000,,ZAMORA DJ S.FRANCISCO,,AMAZONIA,620919661
E0000H0889,-78.951250000000002,-4.063750000000000,,ZAMORA DJ SABANILLA (EN ZAMORA),,AMAZONIA,620948563
E0000H0890,-78.641249999999999,-3.764583000000000,,ZAMORA D.J. NANGARITZA,,AMAZONIA,621004963
E0000H0892,-78.646249999999995,-2.573750000000000,,MAZAR AJ PAUTE,,SIERRA,620786115
E0000H0893,-79.011705190000001,-2.914128138000000,,YANUNCAY AJ TARQUI,,SIERRA,620878326
E0000H0894,-78.739625000000004,-2.761291000000000,,PAUTE EN PAUTE(DJ GUALACEO),,SIERRA,620996654
E0000H0895,-78.967884999999995,-2.896224000000000,,TOMEBAMBA EN MONAY,,SIERRA,620870069
E0000H0896,-79.068663999999998,-2.878003000000000,,MATADERO EN SAYAUSI,,SIERRA,620799891
E0000H0899,-78.771249999999995,-2.895417000000000,,SAN FRANCISCO EN GUALACEO,,SIERRA,620744853
E0000H0900,-78.624578999999997,-2.689604000000000,,PAUTE AJ DUDAS,,SIERRA,621004906
E0000H0901,-79.012083340000004,-2.760306332000000,,CANAL SAYMIRIN,,SIERRA,620904461
E0000H0902,-78.670417000000000,-2.628750000000000,,DUDAS EN PINDILIG,,SIERRA,620714565
E0000H0905,-79.003750010000005,-2.736424581000000,,MACHANGARA AJ CHULCO,,SIERRA,620746217
E0000H0906,-78.602916669999999,-2.478749993000000,,JUVAL AJ PAUTE,,SIERRA,620883806
E0000H0907,-78.270416999999995,-2.762083000000000,,NAMANGOZA DJ UPANO,,AMAZONIA,621032429
E0000H0908,-78.196250000000006,-2.636250000000000,,UPANO DJ. TUTAMANGOZA,,AMAZONIA,620993894
E0000H0909,-78.281250009999994,-2.754583326000000,,PAUTE AJ UPANO,,AMAZONIA,621013164
E0000H0912,-78.885963000000004,-3.730417000000000,,YACUAMBI EN LA PAZ,,AMAZONIA,620956801
E0000H0913,-78.538750010000001,-2.489583326000000,,PALMIRA AJ PAUTE,,SIERRA,620751710
E0000H0917,-78.617083339999994,-2.644444444000000,,PAUTE DJ LLAVIRCAY,,SIERRA,621026920
E0000H0918,-78.484583340000000,-2.572083327000000,,PAUTE AJ CARDENILLO,,SIERRA,620973251
E0000H0927,-78.533750010000006,-3.537083326000000,,CHUCHUMBLETZA AJ ZAMORA,,AMAZONIA,620016984
E0000H0929,-78.644124000000005,-2.737538000000000,,COLLAY AJ PAUTE,,SIERRA,620914092
E0000H0931,-78.771249999999995,-2.867917000000000,,GUALACEO AJ PAUTE,,SIERRA,620920979
E0000H0932,-78.874917999999994,-2.821590000000000,,BURGAY AJ DELEG,,SIERRA,620805392
E0000H0942,-79.046493999999996,-2.950661000000000,,TARQUI DJ SHUCAY,,SIERRA,620969144
E0000H0947,-78.548607630000006,-0.831107617000000,,ALAQUEZ DJ BARRANCAS TOLUGCHE,,SIERRA,620733734
E0000H0954,-78.607916669999994,-0.755416660000000,,CUTUCHI EN LASSO(DSF.ILESA),,SIERRA,620871330
E0000H0961,-78.602549679999996,-0.739216340000000,,CUTUCHI CA S.A.DE CALLO,,SIERRA,620553473
E0000H0966,-79.087083000000007,-4.873750000000000,,MAYO AJ QDA.ZUMBAYACU,,AMAZONIA,620996765
E0000H1081,-80.479581999999994,-1.027083000000000,,PORTOVIEJO EN PICOAZA,,COSTA,670062847
E0000H1098,-79.272082999999995,-4.293750000000000,,PISCOBAMBA EN MOYOCOCHA,,SIERRA,670065015
E0000H1101,-78.936250000000001,0.164583000000000,,PACHIJAL A.J. GUAYLLABAMBA,,SIERRA,670063829
E0000H1102,-79.254582999999997,0.120417000000000,,CAONI A.J. BLANCO,,SIERRA,670065877
E0000H1118,-79.597178000000000,0.082917000000000,,QUININDE EN MATAMBA,,COSTA,670084310
E0000H1119,-79.214173000000002,-3.251250000000000,,RIRCAY D.J. GIRAN,,SIERRA,670026065
E0000H1120,-79.807083000000006,-3.399583000000000,,RASPA EN ASERRIO,,COSTA,670037334
E0000H1125,-77.802778000000004,0.732778000000000,,CHALPATAN,,SIERRA,670056638
E0000H1133,-76.809003000000004,0.042336000000000,,AGUARICO EN NUEVA LOJA (LA GABARRA),,AMAZONIA,620956598
E0000H1134,-77.007082999999994,-0.342083000000000,,COCA EN SAN SEBASTIAN,,AMAZONIA,620948357
E0000H1135,-76.979088000000004,-0.473256000000000,,NAPO EN FRANCISCO DE ORELLANA,,AMAZONIA,620930483
E0000H1136,-75.397282000000004,-0.918551000000000,,NAPO EN NUEVO ROCAFUERTE,,AMAZONIA,621037832
E0000H1139,-78.901561000000001,1.072083000000000,,SANTIAGO EN PTE. CARRETERA,,COSTA,670088370
E0000H1140,-78.984583000000001,1.057577000000000,,CAYAPAS EN PTE. CARRETERA,,COSTA,670085298
E0000H1142,-80.105416000000005,-4.269275000000001,,CATAMAYO EN PTE. VICIN,,SIERRA,670073206
E0000H1143,-78.760853999999995,-1.279583000000000,,AMBATO EN MANZANAHUAICO,,SIERRA,620880990
E0000H1146,-79.190881000000005,-3.862083000000000,,ZAMORA EN PUENTE JIMBILLA,,SIERRA,620871496
E0000H1149,-78.012855999999999,-3.052917000000000,,SANTIAGO EN BATALLON SANTIAGO,,AMAZONIA,621046205
E0000H5007,-80.189999999999998,-3.625833000000000,,ZARUMILLA EN CARCABON,,COSTA,670049631
E0000H0506,-79.780265000000000,-3.084735000000000,,PAGUA AJ BONITO(AJ SIETE),,COSTA,670020939
E0000H0165,-78.987499999999997,-0.318333000000000,,TOACHI AJ ALLURIQUIN,,COSTA,670108901
E0000H0826,-78.507499999999993,-1.455833000000000,,CHAMBO EN HAD.CAHUAJI,,SIERRA,621055752
E0000H0152,-77.993078999999994,0.154452000000000,,LA CHIMBA EN OLMEDO,,SIERRA,670062802
