Clave,Longitud,Latitud,comid
E011010010,-76.544722219999997,5.458944440000000,610439693
E011030040,-76.740861109999997,5.481611110000000,610416812
E011040010,-76.537805559999995,5.743611110000000,610267196
E011110010,-76.133611110000004,6.763333330000000,610253934
E011110020,-76.075000000000003,6.642500000000000,610282982
E011135030,-77.087861110000006,8.036722220000000,610222175
E012010070,-76.647777779999998,7.884444440000000,610269706
E012010090,-76.711888889999997,7.747666670000000,610213394
E012010110,-76.638527780000004,7.987416670000000,610272338
E012015020,-76.651333330000000,7.825916670000000,610230110
E012020010,-76.519999999999996,8.199997220000000,610281127
E012030010,-76.533055559999994,8.755222220000000,610270533
E012045010,-76.431944439999995,8.846944440000000,610226531
E012045020,-76.224444439999999,9.071111110000000,610237072
E013030010,-76.053055560000004,8.186666669999999,610251211
E013040030,-76.169166669999996,8.262222220000000,610238883
E013070100,-75.601416670000006,8.741111110000000,610204532
E013070280,-75.751388890000001,8.788611110000000,610237093
E013075020,-75.582222220000006,8.913888890000004,610192202
E013080010,-75.953333330000007,8.935861109999999,610161404
E013085030,-75.950000000000003,9.369999999999999,610288102
E013090040,-75.322500000000005,9.538611110000000,610155208
E014010010,-75.107972219999994,10.746111109999999,610091770
E014010050,-75.340000000000003,10.410000000000000,610162193
E015010010,-74.120000000000005,11.140833330000000,610048629
E015010020,-73.764750000000006,11.250130560000001,610075024
E015045010,-73.030277780000006,11.263888890000000,610056541
E015060040,-72.877527779999994,11.034361110000001,610061836
E015060180,-72.711500000000001,11.138027780000000,610053030
E015070070,-71.952277780000003,12.126361109999999,610028331
E015080070,-71.515888889999999,11.899416670000001,610028342
E015085030,-72.359944440000007,11.216749999999999,610053023
E016010010,-72.477777779999997,7.817777780000000,610205468
E016010110,-72.590833329999995,7.612777780000000,610232765
E016020010,-72.799444440000002,7.891944440000000,610224825
E016020280,-72.592500000000001,7.900833330000000,610257385
E016020340,-72.436111109999999,8.216944440000002,610220408
E016025010,-72.566111109999994,7.848888890000000,610213390
E016025040,-72.468611109999998,8.167777780000000,610278489
E016030080,-72.832499999999996,7.950277780000000,610176422
E016030090,-72.980000000000004,7.914722220000000,610178183
E016030140,-72.693611110000006,8.342777780000000,610278484
E016035010,-72.726666670000000,8.638333330000000,610263501
E016035030,-72.803055560000004,8.076666670000000,610234496
E016040050,-73.211666670000000,7.934444440000000,610260901
E016050060,-73.388333329999995,8.293055560000004,610192236
E016055010,-73.357500000000002,8.315277780000002,610175517
E016055020,-73.285277780000001,8.442222220000000,610289034
E016055040,-73.223055560000006,8.087222219999999,610251216
E021010040,-76.085694439999997,1.961472220000000,610180305
E021010050,-76.214916669999994,1.931583330000000,610125746
E021010110,-76.074416670000005,1.844916670000000,610124871
E021010140,-76.360833330000006,1.864388890000000,610110792
E021010160,-76.394166670000004,1.899444440000000,610104628
E021010190,-76.249722219999995,1.848944440000000,610110794
E021010230,-76.304249999999996,1.905805560000000,610159187
E021015030,-76.294972220000005,1.888472220000000,610133669
E021020040,-75.909999999999997,2.020000000000000,610225180
E021020050,-76.010000000000005,1.980000000000000,610210223
E021030080,-75.942222220000005,1.813611110000000,610084394
E021030090,-75.677722220000007,2.202944440000000,610276210
E021040020,-75.728472220000000,2.334027780000000,610007801
E021040030,-76.100305559999995,2.030944440000000,610154778
E021050090,-75.806500000000000,2.551444440000000,610305227
E021050140,-75.615666669999996,2.510777780000000,610164429
E021050150,-75.760000000000005,2.460000000000000,610308753
E021050170,-75.758944439999993,2.652388890000000,610283221
E021050290,-75.728499999999997,2.491277780000000,610264752
E021055030,-76.159999999999997,2.240000000000000,610213727
E021060070,-75.538083330000006,2.388916670000000,610203158
E021060080,-75.605055559999997,2.190083330000000,610163572
E021060090,-75.435527780000001,2.574805560000000,610179390
E021065040,-75.529444440000006,2.252500000000000,610136287
E021080070,-75.580916669999993,2.636916670000000,610265623
E021080080,-75.632000000000005,2.793055560000000,610199615
E021090020,-75.399194440000002,2.855555560000000,610207531
E021110040,-75.168416669999999,3.074888890000000,610217199
E021110070,-75.057333330000006,3.150333330000000,610215433
E021110160,-75.199027779999994,3.118472220000000,610217199
E021110180,-75.159722220000006,3.036027780000000,610217199
E021110330,-75.218416669999996,3.187388890000000,610331591
E021110400,-75.108194440000005,2.851138890000000,610262971
E021110440,-75.239277779999995,2.795666670000000,610219856
E021115020,-75.293055559999999,2.948750000000000,610348325
E021115100,-75.066388889999999,2.942638890000000,610289364
E021130010,-74.936499999999995,3.847333330000000,610429231
E021130110,-75.489999999999995,3.270000000000000,610220705
E021135020,-75.015722220000001,3.855833330000000,610202188
E021135030,-75.108999999999995,3.573833330000000,610334206
E021140080,-74.739999999999995,3.480000000000000,610319252
E021140120,-74.920249999999996,3.425861110000000,610225977
E021145040,-75.110111110000005,3.373361110000000,610409020
E021145080,-74.702944439999996,3.589777780000000,610321006
E021160030,-74.687611110000006,4.066388890000000,610288417
E021160040,-74.810944440000000,3.746250000000000,610355318
E021185030,-74.981388890000005,4.008833330000000,610274340
E021185040,-74.798000000000002,4.275444440000000,610426563
E021185080,-75.104611109999993,4.216458330000000,610015611
E021190030,-74.454472220000000,4.348055560000000,610336799
E021190290,-74.713111110000000,4.161027780000002,610287532
E021190310,-74.329916670000003,4.387972220000000,610323597
E021190350,-74.359750000000005,4.152472220000000,610233852
E021195060,-74.487416670000002,4.192722220000001,610367614
E021195120,-74.396138890000003,4.395777780000002,610355277
E021200160,-73.734333329999998,5.057972220000000,610326199
E021200620,-73.696861110000000,5.079166670000000,610327077
E021201190,-73.907250000000005,5.214527780000000,610229385
E021201240,-74.126277779999995,4.481305560000000,610320074
E021201550,-74.226388889999996,4.796666670000000,610342937
E021205420,-74.209000000000003,4.691416670000000,610371101
E021205660,-74.526611110000005,4.581888890000000,610370225
E021205720,-74.189277779999998,4.505750000000000,610327105
E021205740,-73.701416670000000,5.117722220000000,610334991
E021205910,-74.001194440000006,4.989222220000000,610440601
E021205960,-74.152583329999999,4.939055560000000,610342044
E021205980,-74.200916669999998,4.792388890000000,610342937
E021206280,-74.333055560000005,4.653833330000000,610231180
E021210020,-75.321638890000003,4.556305560000000,610329747
E021230090,-74.729277780000004,5.202750000000000,610421232
E021230120,-74.581111109999995,4.985388890000000,610014682
E021235010,-74.702388889999995,4.561805560000000,610342067
E021245010,-75.200522219999996,4.429666670000000,610347355
E021250070,-74.935694440000006,4.800111110000000,610381653
E021250450,-74.882472219999997,5.053027780000000,610334113
E021250500,-75.075861110000005,4.921888890000000,610334126
E021255090,-74.899991670000006,5.000000000000000,610242600
E021255120,-75.117611109999999,5.016852780000000,610234681
E021255170,-75.173277780000006,4.870555560000000,610342930
E022020030,-75.674027780000003,3.092000000000000,610341276
E022020050,-75.604500000000002,3.395222220000000,610403740
E022045010,-75.503444439999996,3.722444440000000,610247076
E022050030,-75.195638889999998,3.795472220000000,610394035
E022050040,-75.379166670000004,3.928055560000000,610244425
E022050060,-75.693166669999997,3.903527780000000,610366747
E022050060,-75.693166669999997,3.903527780000000,610361466
E022050090,-75.021194440000002,3.923138890000000,610409865
E022055020,-75.536361110000001,3.455777780000000,610343014
E022060070,-75.219944440000006,3.939166670000000,610308664
E022065040,-75.488083329999995,3.906916670000000,610247947
E022070010,-75.607749999999996,4.006638890000000,610271702
E023020080,-75.144083330000001,5.265611110000000,610234663
E023020100,-74.914638890000006,5.321083330000000,610417704
E023025040,-74.902638890000006,5.285697220000000,610417704
E023050080,-75.057472219999994,5.298916670000000,610388665
E023050100,-74.726083329999994,5.730750000000000,610435276
E023050230,-75.149166670000000,5.374305560000000,610013778
E023055040,-74.999222219999993,5.419444440000000,610217937
E023060150,-74.627333329999999,5.758277780000000,610415035
E023060190,-74.485500000000002,5.196083330000000,610404508
E023060260,-74.382027780000001,5.064638890000000,610349077
E023065120,-74.139361109999996,5.141555560000000,610270752
E023080390,-75.163805560000000,6.468305560000000,610209952
E023080640,-75.328000000000003,6.171083330000000,610311170
E023080650,-75.335611110000002,6.073777780000000,610246055
E023080740,-75.259166669999999,6.396944440000000,610224916
E023080750,-75.182611109999996,6.053333330000000,610195896
E023080760,-75.016999999999996,6.487500000000000,610223154
E023085030,-75.143388889999997,6.376250000000000,610348117
E023085080,-74.836694440000002,6.483583330000000,610293549
E023085140,-75.100694439999998,5.963805560000000,610305020
E023085160,-75.253555559999995,6.311944440000000,610231961
E023090020,-74.681805560000001,6.393555560000000,610217876
E023120050,-74.101222219999997,5.534805560000000,610402728
E023120240,-74.154638890000001,5.371388890000000,610330579
E023120250,-74.068722219999998,5.649638890000000,610415044
E023125040,-73.920555559999997,6.616111110000000,610228421
E023125060,-73.913333330000000,5.758333330000000,610285676
E023125120,-73.952222219999996,6.308611110000000,610302363
E023130010,-74.031388890000002,6.877777780000000,610355127
E023160010,-73.944166670000001,7.089444440000000,610221356
E023175020,-74.716305559999995,7.011750000000000,610295279
E023180070,-73.489444440000000,7.390000000000000,610248618
E023180100,-73.800833330000003,7.783333330000000,610338352
E023180100,-73.800833330000003,7.783333330000000,610350675
E023185010,-73.537222220000004,7.456111110000000,610294372
E023190110,-73.428055560000004,7.838055560000000,610164989
E023190130,-72.970555559999994,7.196111110000000,610213426
E023190140,-73.201388890000004,7.464722220000000,610323411
E023190340,-73.064722219999993,7.213333330000000,610304945
E023190380,-73.217888889999998,7.211083330000000,610304947
E023190400,-73.057222220000000,7.124444440000000,610232793
E023190500,-73.388333329999995,7.759722220000000,610259149
E023190560,-73.559722219999998,7.574444440000000,610338369
E023205050,-74.240972220000003,7.885416670000000,610281146
E023210160,-73.737777780000002,8.326666670000000,610283759
E023215050,-73.636388890000006,8.614444440000000,610190462
E024010070,-73.709750000000000,5.303194440000000,610327943
E024010110,-73.469166670000007,6.076944440000000,610342855
E024010180,-73.631361110000000,5.538777780000000,610284808
E024010210,-73.781666670000007,5.873333330000000,610295348
E024010230,-73.239722220000004,6.355277780000000,610221398
E024010240,-73.303333330000001,6.262500000000000,610298843
E024010630,-73.444138890000005,5.760583330000000,610335837
E024010640,-73.770833330000002,5.986111110000000,610266300
E024010650,-73.341666669999995,6.151388890000000,610217010
E024010750,-73.609166669999993,5.925833330000000,610377184
E024010760,-73.441388889999999,6.099000000000000,610308536
E024010810,-73.548916669999997,5.750805560000000,610416796
E024010830,-73.450444439999998,5.640000000000000,610228483
E024011060,-73.801555559999997,5.462444440000000,610026096
E024011070,-73.467222219999996,6.323611110000000,610042761
E024015090,-73.602277779999994,5.710666670000000,610401840
E024015120,-73.734805559999998,5.467277780000000,610257531
E024015220,-73.495777779999997,5.509388890000000,610297130
E024015260,-73.368333329999999,6.355000000000000,610185318
E024015300,-73.543944440000004,5.655833330000000,610245202
E024020040,-73.098055560000006,6.138333330000000,610287412
E024020080,-73.142777780000003,6.441111110000000,610331393
E024020120,-73.044722219999997,6.299444440000000,610266281
E024020130,-73.056111110000003,6.598250000000000,610239863
E024020150,-73.106166669999993,6.576666670000000,610284743
E024020230,-72.946722219999998,6.248777780000000,610239005
E024030120,-73.076847779999994,5.523033060000000,610294489
E024030210,-72.697222220000000,6.836111110000000,610262728
E024030230,-72.976277780000004,5.615500000000000,610373683
E024030240,-72.689333329999997,6.231750000000000,610262766
E024030270,-72.844166670000007,6.830000000000000,610282090
E024030330,-72.931666669999998,6.939722220000000,610273283
E024030340,-72.811388890000003,6.671666670000000,610179138
E024030350,-73.044611110000005,5.830083330000000,610053350
E024030400,-72.985777780000006,5.868722220000000,610239028
E024030680,-72.590833329999995,6.653333330000000,610239860
E024030750,-72.858333329999994,6.881111110000000,610255687
E024030800,-73.163499999999999,5.533805560000000,610221447
E024035120,-73.074472220000004,5.802444440000000,610320870
E024035330,-72.582277779999998,6.328972220000000,610239880
E024035430,-73.116361110000000,5.745916670000000,610319117
E024040050,-73.202777780000005,6.644444440000000,610235460
E024060050,-73.092777780000006,6.759166670000000,610228412
E024060080,-73.490833330000001,7.270277780000000,610187021
E025020140,-75.450000000000003,8.949997220000000,610169321
E025020220,-73.972888889999993,9.492944440000000,610212409
E025020370,-74.942222220000005,8.036666670000002,610304899
E025020420,-74.560000000000002,8.390000000000002,610328637
E025020530,-75.089749999999995,8.025499999999999,610199298
E025020700,-75.338611110000002,8.053055560000002,610226576
E025020760,-74.940555560000007,9.004722220000000,610184278
E025020810,-74.605722220000004,8.291333330000002,610350646
E025020940,-74.735555559999995,8.332777780000002,610180797
E025020950,-74.769999999999996,9.039999999999999,610303076
E025020960,-74.825277779999993,9.588055560000001,610225603
E025020970,-73.941111109999994,8.459444440000000,610267914
E025021280,-74.510000000000005,8.970000000000002,610186040
E025021290,-74.408888890000000,9.101388890000001,610270515
E025021370,-74.708055560000005,8.881666670000000,610240608
E025021500,-74.352249999999998,9.581166670000000,610163125
E025021640,-73.702555559999993,8.712750000000000,610259977
E025025020,-74.838055560000001,9.731666669999999,610194795
E025025100,-74.845277780000004,9.281944440000000,610188664
E025025170,-75.498833329999997,8.740861110000004,610186054
E025025190,-75.583722219999999,8.399333329999999,610179036
E025025210,-74.457777780000001,8.911388890000000,610311005
E025025270,-75.387500000000003,9.316388890000001,610018819
E025025380,-75.044722219999997,9.163888890000001,610257306
E025027910,-74.561222220000005,8.344555560000000,610313679
E026010020,-76.495500000000007,2.343361110000000,610213722
E026010030,-76.454777780000001,2.380861110000000,610201398
E026020030,-76.536111109999993,2.642694440000000,610305226
E026020100,-76.639083330000005,3.020194440000000,610240078
E026020130,-76.418805559999996,2.541833330000000,610230431
E026020230,-76.756083329999996,2.606555560000000,610218105
E026020250,-76.546972220000001,2.903694440000000,610295529
E026025090,-76.561833329999999,2.584750000000000,610262987
E026030050,-76.811111109999999,2.455972220000000,610181153
E026030090,-76.829722219999994,2.515000000000000,610238351
E026040290,-76.407499999999999,2.880527780000000,610186408
E026045010,-76.414472219999993,3.262805560000000,610296385
E026050060,-76.696111110000004,2.954555560000000,610366804
E026055120,-76.533888890000000,3.378000000000000,610224219
E026060020,-76.346611109999998,3.320222220000000,610250622
E026060030,-76.462999999999994,3.178944440000000,610273513
E026070760,-76.239138890000007,3.327777780000000,610006861
E026075010,-76.314888890000006,3.513472220000000,610248850
E026080070,-76.429722220000002,3.698527780000000,610211879
E026080280,-76.601555559999994,3.438194440000000,610236535
E026090060,-76.165555560000001,3.773222220000000,610277874
E026090630,-76.331944440000001,3.770138890000000,610306035
E026100070,-76.147305560000007,4.223805560000000,610271688
E026100300,-75.965833329999995,4.588611110000000,610230306
E026100740,-76.040555560000001,4.515638890000000,610457350
E026100770,-76.042527780000000,4.114305560000000,610270811
E026100780,-76.073499999999996,4.383055560000000,610261996
E026100830,-75.961666670000000,4.688416670000000,610273421
E026110040,-76.190444439999993,4.342944440000000,610327120
E026110150,-75.989999999999995,4.790000000000000,610239093
E026110160,-76.035722219999997,4.684861110000000,610227660
E026110230,-76.100527779999993,4.418666670000001,610443277
E026110300,-76.034444440000001,4.616388890000000,610434464
E026115080,-76.079888890000007,4.480916670000000,610420394
E026115090,-76.144277779999996,4.775583330000000,610270774
E026120120,-75.834833329999995,4.331555560000000,610270800
E026120150,-75.786305560000002,4.676472220000000,610005901
E026120160,-75.569166670000001,4.636277780000000,610231186
E026120170,-75.706277779999994,4.332750000000000,610284000
E026125130,-75.832361109999994,4.185055560000001,610230332
E026125130,-75.832361109999994,4.185055560000001,610255850
E026130020,-75.558055560000000,4.844166670000000,610009412
E026130170,-75.558055560000000,4.885555560000000,610342927
E026135160,-75.579972220000002,4.841666670000000,610009412
E026140090,-75.862777780000002,5.167055560000000,610254910
E026140180,-75.882777779999998,4.892500000000000,610340286
E026145020,-75.800138889999999,5.275944440000000,610327062
E026150060,-75.701666669999994,5.108527780000000,610408036
E026150160,-75.356555560000004,5.017833330000000,610321799
E026160080,-75.489305560000005,5.395444440000000,610357859
E026160090,-75.455083329999994,5.522444440000000,610014649
E026160100,-75.518444439999996,5.163166670000000,610261949
E026160160,-75.577500000000001,5.587500000000000,610445847
E026170150,-75.838805559999997,5.791055560000000,610238153
E026170180,-75.641305560000006,5.547833330000000,610232888
E026170190,-75.723611109999993,5.803861110000000,610317352
E026170290,-75.730249999999998,5.424777780000000,610276893
E026175030,-75.690916669999993,5.717333330000000,610297998
E026175040,-75.650972220000000,5.800250000000000,610462554
E026180160,-75.430416670000000,5.785972220000000,610014633
E026180180,-75.294499999999999,5.715250000000000,610266317
E026185020,-75.318638890000003,5.886361110000000,610246947
E026190090,-75.975527779999993,5.755000000000000,610261035
E026190100,-75.900083330000001,5.563972220000000,610298006
E026195020,-75.880222219999993,5.691000000000000,610365760
E026200130,-75.840000000000003,5.970000000000000,610382462
E026200150,-75.685111109999994,5.936750000000000,610212622
E026205080,-75.700944440000001,6.341055560000000,610225799
E026210080,-75.873972219999999,6.099222220000000,610212615
E026210090,-75.859250000000003,6.303138890000000,610015481
E026210130,-75.955833330000004,6.503333330000000,610186189
E026210140,-75.945499999999996,6.218527780000000,610237248
E026220090,-75.957222220000006,6.688055560000000,610190578
E026220110,-75.616861110000002,7.323750000000000,610218702
E026230010,-75.810888890000001,6.628722220000000,610381543
E026230110,-75.669861109999999,6.909833330000000,610304965
E026230140,-75.758055560000003,6.720888890000000,610191456
E026230200,-75.814805559999996,6.846000000000000,610189687
E026240060,-75.415000000000006,7.836666670000000,610194907
E026240090,-75.284444440000001,7.668305560000000,610333960
E026240100,-75.214916669999994,7.862916670000000,610347148
E026240170,-75.448555560000003,7.562555560000000,610318129
E026250030,-75.347833330000000,7.579055560000000,610366524
E026250060,-75.327611110000007,7.369916670000000,610365658
E027010800,-75.607222219999997,6.399722220000000,610239874
E027010820,-75.453611109999997,6.368333330000000,610319957
E027010830,-75.515749999999997,6.563222220000000,610239865
E027010850,-75.077222219999996,6.905555560000000,610206405
E027010870,-75.668333329999996,6.609166670000000,610275063
E027010900,-75.219805559999998,6.677805560000000,610264498
E027011120,-75.657527779999995,6.316277780000000,610217883
E027020190,-75.415555560000001,6.955972220000000,610216081
E027020200,-75.355583330000002,7.070722220000000,610246876
E027020210,-75.332472220000000,6.883055560000000,610217849
E027020220,-75.483861110000007,6.813611110000000,610260966
E027020260,-75.302194439999994,7.246777780000000,610180865
E027030090,-74.839333330000002,7.319305560000000,610225740
E027040020,-74.952749999999995,7.531000000000000,610167646
E028010040,-73.025277779999996,10.391388890000000,610138434
E028010340,-72.981944440000007,10.615833329999999,610163943
E028010360,-73.353055560000001,10.697333329999999,610104095
E028025090,-73.265472220000007,9.850250000000001,610191266
E028035020,-73.319444439999998,10.363055559999999,610196515
E028040010,-73.585027780000004,10.414638890000001,610113793
E028040030,-73.881749999999997,9.975750000000000,610154298
E028040100,-74.273250000000004,10.233694440000001,610121727
E028040150,-74.039222219999999,10.308055560000000,610168360
E028040350,-73.743694439999999,9.656972220000000,610141999
E029015000,-74.852222220000002,10.064444440000001,610135816
E029015020,-75.109999999999999,9.720000000000001,610190396
E029030050,-75.161833329999993,10.404111110000001,610130514
E029030050,-75.161833329999993,10.404111110000001,610131394
E029030530,-75.235833330000006,9.919166669999999,610148142
E029035000,-75.278277779999996,10.142583330000001,610215010
E029035110,-75.258611110000004,10.043166670000000,610181574
E029040020,-74.907833330000003,10.708500000000001,610096172
E029040230,-74.969666669999995,10.988333330000000,610090880
E029040250,-74.888416669999998,10.376638890000001,610119956
E029040260,-74.886888889999994,10.455111110000001,610108510
E029040300,-74.822277779999993,10.507888890000000,610119066
E029040310,-74.920222219999999,10.277888890000000,610190356
E029045110,-75.046111109999998,10.833888890000001,610105847
E029050020,-74.790000000000006,10.487527780000001,610200029
E029060040,-74.182222220000000,10.524361109999999,610189467
E029060100,-74.108000000000004,10.402749999999999,610112913
E029060200,-74.186972220000001,10.540666670000000,610183304
E029060210,-74.204694439999997,10.966833330000000,610095280
E031015010,-72.640000000000001,2.372777780000000,610175878
E032010010,-74.103083330000004,2.562833330000000,610351868
E032030020,-73.943888889999997,2.322500000000000,610282362
E032035010,-73.793333329999996,2.176111110000000,610292050
E032035010,-73.793333329999996,2.176111110000000,610263009
E032040020,-73.166388889999993,2.374277780000000,610280597
E032060030,-73.842777780000006,3.790722220000000,610299872
E032060060,-73.834694440000007,3.742333330000000,610218916
E032060090,-74.059638890000002,3.576222220000000,610350046
E032070010,-73.750000000000000,3.200000000000000,610288470
E032070040,-73.629999999999995,2.980000000000000,610231282
E032070060,-73.633333329999999,3.466666670000000,610358853
E032070090,-73.916666669999998,3.316666670000000,610309580
E032070100,-73.891944440000003,3.375083330000000,610308704
E032070110,-73.857833330000005,3.472027780000000,610339492
E032075050,-74.042972219999996,3.380055560000000,610321896
E032080010,-73.209999999999994,2.940000000000000,610374724
E032097010,-72.130111110000001,2.889722220000000,610353609
E032150040,-69.890000000000001,3.420000000000000,610396695
E032155010,-70.533333330000005,2.800000000000000,610347453
E032200010,-68.319999999999993,3.990000000000000,610449461
E033050020,-69.605833329999996,4.516111110000000,610398389
E033060010,-68.359999999999999,4.870000000000000,610484610
E035010010,-72.936499999999995,4.105027780000001,610398417
E035010020,-73.765583329999998,3.994638890000000,610301622
E035010040,-73.814583330000005,3.924222220000000,610227705
E035010060,-73.400555560000001,3.786666670000000,610357954
E035010070,-73.758611110000004,3.878333330000000,610290192
E035010090,-73.700833329999995,3.750277780000000,610229476
E035020010,-73.823333329999997,4.254444440000001,610403684
E035020020,-73.771916669999996,4.196166670000000,610418649
E035020060,-73.367999999999995,4.039750000000000,610322739
E035020280,-73.926583330000000,4.522916670000000,610386069
E035020290,-73.890416669999993,4.486527780000001,610353510
E035020300,-74.002694439999999,4.253916670000000,610260245
E035025060,-73.981416670000002,4.575416670000000,610021745
E035025110,-73.467916669999994,4.057361110000002,610319216
E035030010,-73.709999999999994,4.349997220000000,610280479
E035040010,-73.546527780000005,4.338722220000000,610328000
E035045020,-73.357500000000002,4.300444440000000,610402801
E035050010,-73.349997220000006,4.510000000000000,610276069
E035050020,-73.395972220000004,4.423222220000002,610342073
E035060120,-73.470555559999994,4.723305560000000,610402777
E035060180,-73.528583330000004,4.752388890000000,610225896
E035060300,-73.391944440000003,4.852527780000000,610308609
E035070010,-73.332972220000002,5.399527780000000,610303295
E035070020,-73.602888890000003,5.383055560000000,610270734
E035070040,-73.395944439999994,5.315277780000000,610386021
E035070070,-73.364249999999998,5.164861110000000,610227631
E035070080,-73.368527779999994,5.078861110000000,610247875
E035070100,-73.433055560000000,4.983472220000000,610274281
E035070180,-73.256749999999997,4.860777780000000,610434446
E035070260,-73.379861109999993,4.970833330000000,610248761
E035075020,-73.449166669999997,5.022277780000000,610391321
E035075030,-73.349416669999997,5.422222220000000,610340254
E035080010,-73.169277780000002,5.282972220000000,610327942
E035080060,-73.203444439999998,5.013611110000000,610372839
E035080070,-73.169861109999999,4.819777780000000,610434451
E035085020,-73.203611109999997,5.358416670000000,610350818
E035100020,-72.790000000000006,4.280000000000000,610452964
E035120010,-72.076638889999998,4.311388890000000,610420403
E035130010,-72.765722220000001,3.956083330000000,610254982
E035187010,-72.152388889999997,4.441833330000000,610415114
E035190070,-72.458583329999996,5.091916670000000,610239074
E035195050,-72.717222219999996,5.407277780000000,610392175
E035195060,-72.790972220000000,5.523611110000000,610267208
E035210010,-72.456249999999997,5.453055560000000,610234653
E036025010,-71.745027780000001,6.456194440000000,610291794
E036030030,-71.707638889999998,6.570638890000000,610237225
E037010010,-72.500555559999995,7.298055560000000,610261821
E037010020,-72.664722220000002,7.139444440000000,610271511
E037010030,-72.643611109999995,7.270000000000000,610227503
E037010040,-72.680833329999999,7.013888890000000,610221359
E037010080,-72.712777779999996,7.198333330000000,610195828
E037015020,-72.868611110000003,7.186944440000000,610234548
E037020020,-72.441944440000000,7.226666670000000,610245984
E037020030,-72.300277780000002,7.098888890000000,610052393
E037050010,-71.419722219999997,7.037222220000000,610353358
E037050040,-70.851666670000000,6.974166670000000,610283841
E037050050,-70.265555559999996,6.940277780000000,610347203
E038027020,-67.834166670000002,4.956861110000000,610448524
E042070030,-69.910694440000000,0.993722220000000,620853349
E042075010,-70.239999999999995,1.260000000000000,620773527
E044010030,-76.680833329999999,1.202500000000000,620624921
E044010100,-76.571222219999996,1.694833330000000,620536831
E044010110,-76.541527779999996,1.026805560000000,620788675
E044015030,-76.668750000000003,1.900416670000000,620340051
E044030060,-75.489999999999995,1.490000000000000,620719849
E044040020,-75.870722220000005,1.419527780000000,620651052
E044045010,-75.961500000000001,1.325138890000000,620600146
E044045020,-75.704472220000000,1.195250000000000,620740506
E044055010,-75.236111109999996,0.737500000000000,620829969
E047010050,-76.930250000000001,1.134055560000000,620635932
E047010090,-76.883388890000006,1.178944440000000,620452920
E047010110,-76.605166670000003,0.685916670000000,620868501
E047010180,-76.844999999999999,1.145416670000000,620452926
E047015080,-77.303611110000006,0.804916670000000,620682735
E047015100,-77.161472219999993,1.159944440000000,620633180
E047075010,-72.789583329999999,-1.444611110000000,620956679
E051025090,-78.695583330000005,1.550194440000000,670054561
E052010020,-77.221694439999993,2.032805560000000,670053518
E052010030,-77.337500000000006,1.739444440000000,670048409
E052010040,-76.737750000000005,2.262388890000000,670048391
E052010050,-76.787861109999994,2.232250000000000,670048391
E052010140,-77.429444439999997,1.594444440000000,670068894
E052020010,-77.003055560000007,2.046388890000000,670083214
E052020050,-76.991611109999994,1.880166670000000,670043284
E052020070,-76.782888889999995,1.814166670000000,670034070
E052030030,-77.132666670000006,1.583055560000000,670029984
E052030060,-77.014972220000004,1.665638890000000,670060700
E052040040,-77.149722220000001,1.404166670000000,670044326
E052040050,-77.030527780000000,1.397333330000000,670044325
E052040060,-77.174055559999999,1.287305560000000,670031019
E052040160,-77.135305560000006,1.505277780000000,670026914
E052045020,-77.290861109999994,1.394083330000000,670048422
E052045030,-77.032611110000005,1.538722220000000,670035105
E052045040,-77.267499999999998,1.549166670000000,670023841
E052045070,-77.189999999999998,1.199998330000000,670037165
E052050010,-77.439444440000003,1.454444440000000,670041253
E052050020,-77.591416670000001,1.341444440000000,670051496
E052050040,-77.479194440000001,1.322250000000000,670074025
E052050050,-77.679666670000003,1.220638890000000,670049452
E052050060,-77.299722220000007,1.099500000000000,670043312
E052050080,-77.391972220000000,1.094166670000000,670053553
E052050090,-77.499555560000005,1.055250000000000,670082226
E052050100,-77.581388889999999,0.906666670000000,670054583
E052050110,-77.787111109999998,0.908000000000000,670048440
E052050120,-77.502916670000005,0.888250000000000,670064825
E052050130,-77.848333330000003,0.811666670000000,670059707
E052050140,-77.526111110000002,1.348055560000000,670036135
E052055030,-77.465111109999995,1.184361110000000,670045358
E052055060,-77.583055560000005,1.373555560000000,670051495
E052055090,-77.389361109999996,1.107583330000000,670038191
E052055210,-77.278805559999995,1.160000000000000,670040239
E052055220,-77.636888889999994,1.070611110000000,670043314
E052055230,-77.677750000000003,0.857083330000000,670048441
E052060040,-77.641694439999995,1.529166670000000,670022816
E052065020,-78.140000000000001,1.670000000000000,670062747
E052070030,-77.527777779999994,1.739722220000000,670074009
E052080010,-77.505555560000005,1.651388890000000,670057629
E053050020,-77.663611110000005,2.773611110000000,670034035
E053100040,-76.708888889999997,3.526250000000000,670011480
E053110040,-76.540000000000006,3.678083330000000,670011473
E053115010,-76.992388890000001,3.820111110000000,670020685
E054010010,-76.689999999999998,5.160000000000000,670035995
E054010020,-75.979416670000006,5.171555560000000,610231149
E054020020,-76.605555559999999,4.955694440000000,670033955
E054020060,-76.650000000000006,5.060000000000000,670026783
E054030020,-76.353416670000001,4.356916670000002,670011449
E054030030,-76.352222220000002,4.495722220000000,670037044
E056015010,-77.404444440000006,6.223333330000000,670003191
E048015040,-70.362638889999999,-3.780305560000000,621026980
E044135020,-70.803749999999994,-1.351666670000000,621087393
E044135030,-72.451388890000004,-0.074166670000000,620746077
E051025060,-78.281611110000000,1.408638890000000,670014629
E051027060,-78.670277780000006,1.423888890000000,670065829
E051020011,-77.928972220000006,1.141527780000000,670053551
E046015030,-74.762694440000004,2.063000000000000,620421227
E053075020,-77.258777780000003,2.311416670000000,670036100
E053077010,-77.241027779999996,2.801222220000000,670039156
E048017050,-69.950277779999993,-4.190472220000000,620798583
E013090030,-75.600555560000004,9.910277779999999,610136704
E048017010,-69.942722219999993,-4.222527780000000,620798583
E053045040,-77.894750000000002,2.574416670000000,670041210
E054077210,-77.349005559999995,3.925147220000000,670029893
E031095030,-67.919055560000004,3.874416670000000,610291067
E053119010,-77.061908329999994,3.890175000000000,670013515
E035225030,-71.433055560000000,4.910472220000000,610411564
E035215020,-72.387500000000003,5.320444440000000,610367547
E035237030,-71.668361110000006,5.414388890000000,610446733
E035217030,-72.455222219999996,5.437944440000000,610404494
E055015010,-76.973166669999998,5.521083330000000,670018574
E035217060,-72.231722219999995,5.540500000000000,610404487
E036015020,-71.419833330000003,5.816194440000000,610398311
E037057020,-71.416388889999993,7.035000000000000,610353358
E029045150,-76.432500000000005,7.746027780000000,610172033
E025017020,-75.709722220000003,7.853888890000000,610297868
E051035010,-78.766666670000006,1.800000000000000,670061720
E038015030,-67.491222219999997,6.182436110000000,610395650
E035235050,-72.166777780000004,5.818583330000000,610264552
E032077100,-73.892833330000002,3.251611110000000,610364146
3518700145,-72.900888890000004,4.885650000000000,610364047
E038027700,-67.855611109999998,5.249472220000000,610432665
E011017020,-76.417888890000000,5.412000000000000,610460816
E047087010,-71.752222219999993,-2.146888890000000,621098446
E035097090,-73.047611110000005,4.904972220000000,610405404
E047035030,-74.898138889999998,-0.173722220000000,620912577
E011020050,-76.250861110000002,5.757666670000000,610379833
E013010040,-75.966666669999995,7.633333330000000,610214281
E035107040,-73.046519439999997,4.689094440000000,610411579
E012010010,-76.855277779999994,7.766388890000000,610223953
E011057020,-76.761805559999999,6.286666670000000,610361323
E013027030,-76.316666670000004,7.850000000000000,610299629
E035250010,-69.423416669999995,6.095611110000000,610367494
E036020010,-72.190638890000002,6.088222220000000,610319094
E011050030,-76.821361109999998,6.102500000000000,610314694
E011050060,-76.915638889999997,6.108333330000000,610329653
E036020020,-72.010222220000003,6.127916670000000,610310292
E037045010,-71.890555559999996,6.946388890000000,610056805
E035257030,-68.780000000000001,6.150000000000000,610364851
E035250040,-68.394361110000006,6.175416670000000,610357809
E038015020,-67.533333330000005,6.166666670000000,610393890
E011090010,-76.972722219999994,6.812527780000000,610325210
E036030040,-71.833333330000002,6.800000000000000,610212572
E011110030,-76.252222219999993,6.858055560000000,610290007
E035250020,-69.127805559999999,6.176611110000000,610080612
E035257040,-68.441472219999994,6.183555560000000,610356049
E035257020,-69.128722220000000,6.176055560000000,610080612
E011057010,-76.716666669999995,6.216666670000000,610392127
E036027040,-71.616666670000001,6.233333330000000,610374526
E036027050,-70.194333330000006,6.295638890000000,610356042
E036027030,-72.000000000000000,6.250000000000000,610313803
E011060010,-76.779277780000001,6.420000000000000,610418515
E011085010,-76.983333329999994,6.533333330000000,610326108
E052055160,-77.921222220000004,0.846583330000000,670043322
E011077030,-76.750000000000000,6.616666670000000,610349862
E056010030,-77.490611110000003,6.706555560000000,670004193
E038017030,-67.576055560000000,5.858027780000000,610337586
E011020010,-76.142083330000006,5.908527780000000,610257503
E036010030,-71.833916669999994,5.934250000000000,610371904
E035260080,-69.843888890000002,6.010305560000000,610200299
E035267090,-69.844499999999996,6.010277780000000,610200299
E036037010,-69.638750000000002,6.041777780000000,610390377
E053090030,-77.208222219999996,3.479694440000000,670025817
E032060020,-73.901083330000006,3.530944440000000,610265569
E034015010,-70.930111109999999,4.553944440000000,610358787
E034015020,-70.930111109999999,4.553944440000000,610358787
E053020010,-78.091333329999998,2.441888890000000,670070913
E053070110,-77.183333329999996,2.416666670000000,670043265
E053010020,-78.454527780000006,2.505083330000000,670043262
E053047010,-77.693250000000006,2.507361110000000,670050429
E035017080,-73.616666670000001,3.833333330000000,610341231
E035125020,-72.200000000000003,3.866666670000000,610298989
E032197010,-68.400000000000006,3.883333330000000,610375548
E054087020,-76.950000000000003,4.666666670000000,670045229
E054035010,-76.650000000000006,4.666666670000000,670036014
E035207020,-71.583333330000002,4.683333330000000,610363179
E035267030,-70.705583329999996,5.270833330000000,610436185
E035190050,-72.701944440000005,5.302944440000000,610414180
E032047010,-72.866666670000001,2.583333330000000,610365068
E035010050,-73.400000000000006,3.966666670000000,610404582
E035260030,-70.678277780000002,5.351944440000000,610436185
E034035010,-67.858249999999998,5.353138890000000,610495138
E034037700,-67.854305560000000,5.353500000000000,610495138
E053070060,-77.154944439999994,2.639611110000000,670039160
E053070070,-77.283333330000005,2.650000000000000,670023800
E054077200,-76.975444440000004,4.001083330000000,670027846
E035177010,-71.400000000000006,4.733333330000000,610488137
E035230010,-71.728055560000001,5.420500000000000,610446733
E035267040,-70.599999999999994,5.416666670000000,610493376
E054077010,-77.084361110000003,4.069500000000000,670035012
E035020030,-73.799999999999997,4.116666670000000,610288413
E035037140,-73.283333330000005,4.116666670000000,610338573
E053080010,-77.259249999999994,3.260666670000000,670016609
E032020020,-74.353722219999995,3.243222220000000,610366784
E033065010,-69.166666669999998,4.366666670000000,610290158
E035220040,-71.531388890000002,4.908166670000000,610335004
E035220010,-71.433055560000000,4.910472220000000,610411564
E053060010,-77.466166670000007,2.788750000000000,670029938
E032110010,-70.666666669999998,2.783333330000000,610334256
E032150010,-70.533333330000005,2.800000000000000,610347453
E054020050,-76.206944440000001,4.834333330000000,670026792
E035267060,-70.283333330000005,5.583333330000000,610455524
E035180010,-72.665888890000005,4.937361110000000,610354365
E054027040,-76.590472219999995,4.948861110000000,670033955
E035267070,-70.033333330000005,5.700000000000000,610349919
E032080040,-72.809333330000001,2.833333330000000,610311373
E032117010,-70.666666669999998,2.833333330000000,610358014
E038037020,-67.750000000000000,4.116666670000000,610234737
E035230020,-71.992888890000003,5.726138890000000,610325278
E054077130,-77.216388890000005,4.154444440000000,670042176
E054090010,-77.135555560000000,4.162611110000001,670039104
E035220020,-71.329111109999999,4.793277780000000,610378132
E053070050,-77.536055559999994,3.077138890000000,670030953
E032070080,-73.226388889999996,3.087500000000000,610391434
E054097010,-77.024361110000001,4.290500000000000,670037051
E035105030,-72.792833329999993,4.283722220000000,610452964
E035117020,-72.599999999999994,4.300000000000000,610337683
E035177030,-71.166666669999998,4.850000000000000,610479330
4801500132,-69.943055560000005,-4.199722220000000,620798583
3405500134,-68.688333330000006,5.526111110000000,610462566
3405500134,-68.688333330000006,5.526111110000000,610424727
E038017080,-68.749722219999995,5.525944440000000,610288328
E032107020,-71.533333330000005,2.866666670000000,610336010
E053077030,-77.099999999999994,2.900000000000000,670022766
E053077060,-77.223694440000003,2.920055560000000,670018671
E035057040,-73.570197219999997,4.198344440000000,610029689
E032157020,-70.283333330000005,2.916666670000000,610226886
E026050270,-76.719416670000001,3.115638890000000,610240075
E053080020,-77.135722220000005,3.167361110000000,670029925
E032157030,-70.166666669999998,3.183333330000000,610407271
E035197180,-72.291388889999993,4.817000000000000,610450291
E053060020,-77.621666669999996,2.871805560000000,670028912
E035267010,-70.441972219999997,5.533333330000000,610483689
E054027030,-76.864500000000007,4.872555560000000,670053414
E056015030,-77.502777780000002,5.570833330000000,670017550
E054020040,-76.290833329999998,4.903861110000000,670033957
E053077020,-77.491388889999996,2.993611110000000,670021740
E054075040,-77.276333330000000,4.222500000000000,670007359
E038017040,-67.640194440000002,5.682694440000000,610462562
E032147010,-70.116666670000001,3.400000000000000,610441577
E033055010,-69.803333330000001,4.494722220000000,610269911
E034035020,-69.148388890000007,5.112027780000000,610295393
E035197200,-72.733333329999994,5.116666670000000,610470513
E038027010,-67.816666670000004,5.050000000000000,610460839
E053110020,-76.758611110000004,3.781972220000000,670017614
E035180050,-71.960805559999997,4.418277780000002,610371115
E035105010,-72.966666669999995,4.433333330000000,610361434
E052090020,-78.416388889999993,2.190361110000000,670070921
E032047030,-73.580944439999996,2.354666670000000,610307880
E053107040,-76.944166670000001,3.669222220000000,670018644
E032157050,-69.360500000000002,3.670611110000000,610389641
E053090040,-77.067777780000000,3.679611110000000,670019666
E035015030,-73.250000000000000,3.716666670000000,610325396
E035095110,-72.917333330000005,4.655083330000000,610291902
E035190040,-72.544055560000004,5.009527780000000,610279559
E035260070,-69.989999999999995,5.790000000000000,610463434
E052010160,-77.119555559999995,2.261638890000000,670054533
E032157060,-69.588055560000001,3.571722220000000,610432767
E035137010,-72.369944439999998,3.734472220000000,610379077
E035207010,-71.833333330000002,4.566666670000000,610254946
E033035010,-71.340750000000000,4.574416670000000,610260225
E035190030,-72.902888890000000,5.204388890000000,610243468
E053040010,-77.772999999999996,2.485666670000000,670057598
E011047030,-76.619194440000001,5.830305560000000,610366628
E036017020,-71.917972219999996,5.843444440000000,610271589
E035015050,-73.349277779999994,3.630777780000000,610342122
E032190010,-69.055305559999994,3.637138890000000,610392281
E035260010,-70.854500000000002,5.143305560000000,610306834
E054017030,-76.682861110000005,5.154166670000000,670035995
E035197030,-72.568388889999994,5.179694440000000,610352589
E055017010,-76.954222220000005,5.189888890000000,670038042
E053020020,-78.112861109999997,2.079277780000000,670032013
E046017010,-74.772111109999997,2.112166670000000,620473514
E026015020,-75.450000000000003,2.166666670000000,610133651
E052030090,-76.834166670000002,1.595277780000000,620451527
E051030020,-78.629861109999993,1.633722220000000,670058654
E052067010,-77.977888890000003,1.685472220000000,670059675
E047077010,-72.789583329999999,-1.444611110000000,620956679
E044197020,-69.619249999999994,-1.309527780000000,621047487
E044157040,-70.180000000000007,-1.530000000000000,621062636
E044157030,-70.609999999999999,-1.420000000000000,621068134
E044197010,-70.033333330000005,-1.550000000000000,620897516
E044187010,-69.725499999999997,-1.285277780000000,621046110
E047040040,-73.618944440000007,-1.258944440000000,621039230
E047047020,-74.068500000000000,-1.049500000000000,621061234
E044157010,-72.344750000000005,-0.638444440000000,621069468
E044135010,-72.381916669999995,-0.616361110000000,620999291
E046077010,-71.776388890000007,-0.932777780000000,621059851
E044137030,-73.773222219999994,-0.915111110000000,621026827
E044157020,-70.819999999999993,-1.310000000000000,621102528
E044187030,-69.469999999999999,-1.230000000000000,621066748
E044137070,-72.549997219999995,-0.700000000000000,620911232
E044137080,-72.469999999999999,-0.600000000000000,621010298
E044167010,-71.776583329999994,-0.932361110000000,621059851
E044137040,-73.192555560000002,-0.628333330000000,620984155
E044147010,-72.382305560000006,-0.617361110000000,620999291
E044137050,-72.966666669999995,-0.616666670000000,620849307
E044150010,-72.144944440000003,-0.559888890000000,621025432
E047047050,-74.780111110000007,-0.199722220000000,620929092
E047045010,-74.776277780000001,-0.180611110000000,620508036
E044100010,-74.551833329999994,-0.114972220000000,620918080
E044115020,-74.665222220000004,-0.060750000000000,620874045
E044117010,-74.666944439999995,-0.057472220000000,620874045
E047047010,-74.386666669999997,-0.559166670000000,621043319
E044137020,-74.014638890000001,-0.338916670000000,620988267
E047040010,-74.766666670000006,-0.200000000000000,620508036
E044127010,-73.530000000000001,-0.490000000000000,621019924
E044127020,-74.290000000000006,-0.200000000000000,620941476
E047037030,-75.866666670000001,0.116666670000000,620962099
E047017190,-74.579333329999997,-0.387694440000000,620957998
E047035020,-75.851111110000005,0.132861110000000,620962099
E047020010,-76.927250000000001,0.279277780000000,620807979
E047030030,-76.078249999999997,0.338111110000000,620937321
E047017200,-76.396805560000004,0.384333330000000,620937317
E047030010,-76.336138890000001,0.395416670000000,620944197
E047010030,-76.480222220000002,0.473611110000000,620867137
E047020020,-77.099722220000004,0.476972220000000,620827232
E046045010,-74.416666669999998,0.600000000000000,620788695
E047017150,-76.579305559999995,0.788750000000000,620806576
E042067010,-70.769999999999996,0.900000000000000,620857481
E042060010,-70.780000000000001,0.910000000000000,620856105
E011140010,-76.950000000000003,8.000000000000000,610003063
E013040010,-76.333333330000002,8.066666670000000,610199294
E037047010,-71.816666670000004,6.900000000000000,610312005
E037057100,-71.219166670000007,6.947222220000000,610364801
E013037030,-76.099999999999994,8.100000000000000,610188735
E013097070,-75.583333330000002,9.750000000000000,610201833
E037047020,-71.966666669999995,6.983333330000000,610351603
E037057090,-70.116666670000001,6.983333330000000,610308482
E037057040,-71.106388890000005,6.989166670000000,610280320
E011117050,-76.266388890000002,7.004388890000000,610343680
E011125010,-77.500000000000000,7.000000000000000,610320800
E037057030,-71.278333329999995,7.025277780000000,610353358
E011147010,-77.120000000000005,7.440000000000000,610341013
E012027050,-76.629388890000001,8.415055560000004,610325116
E056015020,-77.650000000000006,7.050000000000000,670002135
E037057140,-71.825555559999998,7.051944440000000,610340157
E037057050,-70.896388889999997,7.063055560000000,610280320
E037057080,-70.549999999999997,7.066666670000000,610337514
E011100010,-76.916666669999998,7.083333330000000,610310236
E011117030,-76.416666669999998,7.083333330000000,610331355
E013060030,-75.903888890000005,8.266111110000002,610295206
E013037020,-76.016666670000006,8.449999999999999,610194871
E013050030,-76.175277780000002,8.501944440000004,610220389
E011155010,-77.283333330000005,8.533333330000000,610224786
E011027050,-76.517722219999996,5.521555560000000,610459929
E012015090,-76.605555559999999,7.538333330000000,610208126
E048015020,-69.943694440000002,-4.199388890000000,620798583
E037057060,-70.743888889999994,7.090833330000000,610327834
E011127010,-77.166666669999998,7.316666670000000,610202861
E011130020,-77.125555559999995,7.576666670000000,610337485
E013027020,-76.299999999999997,7.616666670000000,610306682
E012037050,-76.391305560000006,8.277805559999999,610275842
E012025030,-76.673361110000002,8.542666669999999,610168466
E012015010,-76.486027780000001,7.334666670000000,610198456
E029037003,-75.491905560000006,10.093908330000000,610149892
E011100020,-77.030000000000001,7.180000000000000,610349831
E042080010,-69.910861109999999,1.198250000000000,620787289
E046015020,-74.785055560000004,1.735472220000000,620589115
E052070010,-78.183888890000006,1.765000000000000,670065816
E051027030,-78.109999999999999,1.210833330000000,670071981
E052070020,-78.083333330000002,1.900000000000000,670055571
E051020010,-78.122333330000004,1.340277780000000,670042282
E046040010,-74.843555559999999,1.340916670000000,620725362
E042105010,-69.833333330000002,0.933333330000000,620506602
E051020040,-78.715916669999999,1.362166670000000,670061736
E051020050,-78.437388889999994,1.414611110000000,670050469
E046030010,-75.250000000000000,1.966666670000000,620291891
E052090010,-78.658333330000005,2.038888890000000,670027917
E042080020,-69.843944440000001,1.073944440000000,620755650
E044050010,-75.400333329999995,1.099611110000000,620776287
E042050020,-70.730000000000004,1.100000000000000,620479070
E044010130,-76.478861109999997,1.428333330000000,620718477
E044017150,-76.644999999999996,1.451388890000000,620678572
E051025040,-78.683333329999996,1.566666670000000,670054561
E048015060,-70.661977780000001,-3.802194440000000,621084772
E048015050,-69.940916669999993,-4.193861110000001,620798583
E048017030,-70.036083329999997,-4.120194440000000,621018741
E048015030,-70.260888890000004,-3.819138890000000,620927909
E047107010,-69.735555559999995,-2.894722220000000,621121876
E047107030,-69.831694440000007,-2.864805560000000,621015923
E048017040,-70.625611109999994,-3.835194440000000,621084772
E048017070,-70.260666670000006,-3.818722220000000,620927909
E048017020,-70.364305560000005,-3.782388890000000,621026980
E047090010,-70.299999999999997,-2.483333330000000,621103967
E047087030,-71.514972220000004,-2.267277780000000,621059922
E047067020,-72.672777780000004,-2.443972220000000,620978745
E047057010,-73.239750000000001,-1.688666670000000,620995220
E047040050,-73.484833330000001,-1.610694440000000,621059888
E047047040,-73.485527779999998,-1.610027780000000,621059888
E047100010,-69.735694440000003,-2.894722220000000,621121876
E044017100,-76.336138890000001,0.395416670000000,620944197
E011147020,-76.727277779999994,7.368444440000000,610311978
E047060010,-73.205166669999997,-1.748510000000000,621024118
E047100020,-69.831694440000007,-2.864805560000000,621015923
E047040020,-74.386666669999997,-0.559166670000000,621043319
E032105060,-71.533333330000005,2.866666670000000,610336010
E035125010,-72.156361110000006,4.340555560000001,610412480
E046035020,-75.150666670000007,1.917527780000000,620359316
E011047040,-76.662049999999994,5.700000000000000,610448479
E012017070,-76.576361109999993,7.720861110000000,610233636
E044187020,-69.591583330000006,-1.313166670000000,621103904
E011050040,-76.849999999999994,5.766666670000000,610362233
E011130030,-77.166666669999998,7.866666670000000,610201068
E038017020,-67.466666669999995,6.050000000000000,610090297
E035017050,-73.116666670000001,3.883333330000000,610387869
E053070040,-77.066666670000004,2.766666670000000,670029940
E035227010,-71.433333329999996,4.833333330000000,610379007
E038010020,-67.616666670000001,5.850000000000000,610230228
E035177020,-71.960972220000002,4.418388890000000,610371115
E035190080,-72.869840560000000,5.027257780000000,610291879
E043017010,-69.500000000000000,-1.083333330000000,620170963
E044137060,-72.720638890000004,-0.590944440000000,621036441
E047035010,-76.166666669999998,0.383333330000000,620918054
E011105010,-76.750000000000000,6.966666670000000,610296160
E012025010,-76.733333329999994,8.116666670000004,610249450
E011120010,-77.283333330000005,7.433333330000000,610335732
E042065010,-70.233333329999994,1.266666670000000,620850582
E044037070,-75.283333330000005,1.566666670000000,620507943
E047097010,-70.316666670000004,-2.466666670000000,620838397
E011050020,-76.780027779999998,5.994722220000000,610356940
E032157010,-70.533333330000005,2.800000000000000,610347453
E056010040,-77.265833330000007,5.708055560000000,670010376
4801700101,-70.166583329999995,-3.955666670000000,621091661
4801700102,-70.322888890000002,-3.802500000000000,621086149
E055015020,-77.362263889999994,4.958061110000000,670059554
E056015040,-77.764111110000002,7.104083330000000,670003156
E011035030,-76.627822219999999,5.284827780000000,610334103
E012015100,-76.696166669999997,7.940750000000000,610255623
E011080010,-76.885416669999998,6.559166670000000,610360426
4403700097,-75.682527780000001,1.784472220000000,620007065
3602700101,-71.618483330000004,6.227680560000000,610374526
5311700154,-77.005416670000002,3.814527780000000,670021709
3602500125,-72.246077779999993,6.298544440000000,610258360
E011107010,-77.030000000000001,7.180000000000000,610349831
E012030020,-76.379999999999995,8.619999999999999,610285502
E042057020,-70.739999999999995,1.100000000000000,620479070
E042077010,-70.730000000000004,1.230000000000000,620462552
E042070010,-70.709999999999994,1.210000000000000,620801049
E042077030,-70.329999999999998,1.300000000000000,620744627
E032157040,-69.890000000000001,3.420000000000000,610396695
E042057010,-71.010000000000005,0.850000000000000,620905644
E042070020,-70.290000000000006,1.310000000000000,620579508
E031090010,-67.840000000000003,3.960000000000000,610429225
E035180030,-72.390000000000001,4.330000000000000,610460001
E038037010,-67.859997219999997,4.540000000000000,610459109
E038030010,-67.859999999999999,4.549997220000000,610433588
E035267080,-69.989999999999995,5.790000000000000,610463434
E035250030,-68.780000000000001,6.150000000000000,610364851
E042077020,-70.239999999999995,1.260000000000000,620773527
E044140020,-73.040000000000006,-0.520000000000000,620607126
E044035050,-75.659999999999997,1.500000000000000,620452903
E042040010,-71.040000000000006,0.870000000000000,620553388
E032067030,-73.920000000000002,3.790000000000000,610371153
E033077010,-68.359999999999999,4.870000000000000,610484610
E047067010,-73.197138890000005,-1.771555560000000,621017240
E044147020,-72.379999999999995,0.620000000000000,620452953
E044167020,-71.124055560000002,-1.098083330000000,621033716
E047010220,-76.836277780000003,0.489722220000000,620940064
E023117030,-74.159750000000003,6.733055560000000,610376256
E024055080,-73.704888890000007,6.982972220000000,610318160
E015075150,-72.325749999999999,11.594944440000001,610014281
E029065120,-73.927777780000000,10.465361110000000,610116430
E028025130,-73.523944439999994,9.640611110000000,610171041
E023187120,-73.856750000000005,7.975611110000000,610357701
E029060340,-74.025638889999996,10.773444440000000,610108489
E028010270,-73.016666670000006,10.766666669999999,610104971
E015060070,-72.768361110000001,10.786000000000000,610053928
E027030150,-74.583333330000002,7.733333330000000,610187875
E025021200,-74.079444440000003,9.026666669999999,610188677
E015060060,-72.684666669999999,10.935166669999999,610080321
E015067290,-72.513975000000002,11.232169440000000,610047744
E015065020,-73.116666670000001,10.983333330000001,610109358
E015065020,-73.116666670000001,10.983333330000001,610088237
E025027720,-73.772805559999995,9.133916670000000,610024991
E016070020,-72.866666670000001,9.116666670000001,610274910
E029060080,-74.683638889999997,11.005972220000000,610109360
E015065110,-72.549999999999997,11.016666669999999,610089995
E015030040,-73.466666669999995,11.066666670000000,610087354
E015030030,-73.299999999999997,11.116666670000001,610053910
E023197080,-73.700000000000003,7.883333330000000,610185226
E025021030,-74.501944440000003,9.247500000000000,610266982
E015037010,-73.461305560000000,11.205055560000000,610081190
E023127080,-74.116666670000001,6.083333330000000,610362215
E011070130,-76.033333330000005,6.133333330000000,610232852
E023147020,-73.935000000000002,6.773611110000000,610363934
E023110060,-74.333055560000005,6.193611110000000,610280367
E023125130,-73.808888890000006,6.221388890000000,610279488
E023097050,-74.566666670000004,6.250000000000000,610029564
E011070020,-76.228611110000003,6.332222220000000,610202923
E023095010,-74.412222220000004,6.465000000000000,610209953
E023120070,-74.116666670000001,6.533333330000000,610253949
E023107020,-74.406944440000004,6.732194440000000,610372735
E023077050,-74.613333330000003,5.890000000000000,610418546
E023077020,-74.638111109999997,6.036722220000000,610378058
E032080020,-72.966666669999995,3.150000000000000,610218073
E023110030,-74.421777779999999,5.937527780000000,610309422
E032095010,-72.683333329999996,3.200000000000000,610232151
E015030020,-73.573888890000006,11.244166670000000,610075026
E015030010,-73.312194439999999,11.275222220000000,610085587
E015060010,-72.913499999999999,11.381777780000000,610029252
E015050010,-73.052722220000007,11.428833330000000,610046855
E015070160,-72.469972220000002,11.437749999999999,610026611
E015087090,-72.191388889999999,11.298055560000000,610053020
E023190520,-73.439722219999993,7.995555560000000,610251220
E015085040,-71.833055560000005,11.686055560000000,610023957
E015070130,-72.676416669999995,11.709472220000000,610020439
E025025050,-73.593388890000000,9.361027780000001,610212416
E015065150,-72.900000000000006,11.550000000000001,610025724
E015080050,-72.000000000000000,11.633333329999999,610013399
E015070240,-72.190611110000006,11.811638889999999,610015147
E015080090,-71.282499999999999,11.934277780000000,610030099
E015080040,-71.318500000000000,12.069472220000000,610017774
E015080030,-71.566666670000004,12.066666670000000,610016893
E015070050,-71.733333329999994,12.199999999999999,610013365
E015087060,-71.333333330000002,12.216666670000000,610011605
E025020690,-73.410944439999994,9.423277779999999,610122653
E025020230,-73.339472220000005,9.562166670000000,610031125
E025021190,-74.595638890000004,9.622944439999999,610129680
E015070040,-71.716666669999995,12.350000000000000,610010721
E024050060,-73.410833330000003,6.872777780000000,610231928
E023190580,-73.618777780000002,8.088749999999999,610267053
E023197060,-73.783333330000005,8.100000000000000,610311934
E028040320,-73.959138890000006,9.702750000000000,610023195
E025021630,-74.388555560000000,9.801750000000000,610161352
E026220050,-75.933333329999996,7.033333330000000,610219599
E025015010,-75.632277779999995,8.180777780000000,610019769
E023217070,-73.572500000000005,8.363055559999999,610207197
E016020350,-72.450000000000003,8.350000000000000,610223037
E028040360,-74.076722219999994,9.861000000000001,610169267
E025021600,-74.580388889999995,9.872500000000000,610149906
E023177050,-73.933333329999996,7.466666670000000,610335733
E029017010,-74.864083330000000,9.903472219999999,610237024
E028035040,-73.647527780000004,9.904916670000000,610129661
E016030040,-72.933333329999996,8.383333329999999,610160555
E028020310,-73.150000000000006,10.100000000000000,610185091
E028020410,-73.317027780000004,10.184166670000000,610206207
E013050020,-76.123888890000003,8.667500000000000,610193099
E023210180,-73.466666669999995,8.716666670000000,610188697
E012047010,-76.236416669999997,8.786972219999999,610248531
E028017100,-73.283333330000005,10.500000000000000,610170106
E023187070,-73.933333329999996,7.250000000000000,610376225
E028037130,-73.624777780000002,10.157527780000001,610110287
E011155020,-77.066666670000004,8.266666669999999,610291683
E028040040,-73.383333329999999,9.949999999999999,610222060
E016035020,-72.579444440000003,8.468611109999999,610235351
E028010090,-73.211611110000007,10.703861110000000,610083855
E029050010,-74.732111110000005,10.344416669999999,610138436
E023200070,-74.183333329999996,7.516666670000000,610223086
E024057060,-73.799999999999997,7.100000000000000,610316394
E023170050,-74.216666669999995,7.116666670000000,610292633
E013060010,-75.861111109999996,8.557777780000000,610193988
E025020090,-73.815444439999993,8.860388889999999,610252927
E016070030,-72.982222219999997,8.875833330000004,610197487
E016050240,-73.351138890000001,8.610333330000000,610153502
E029060540,-74.647000000000006,10.590611109999999,610163061
E029060030,-74.375500000000002,10.648777780000000,610169219
E028040140,-74.212611109999997,10.033055559999999,610122614
E025020650,-73.560222220000000,8.938777780000002,610218602
E015065200,-73.000000000000000,10.000000000000000,610155181
E023140030,-73.510000000000005,6.696388890000000,610246019
E015067190,-72.715166670000002,11.480777780000000,610023089
E015080080,-71.964722219999999,11.790416670000001,610018670
E025028000,-74.750000000000000,9.416666670000000,610248493
E015070030,-71.500000000000000,12.316666670000000,610014239
E024057050,-73.378055560000007,6.991666670000000,610290882
E027030130,-74.650000000000006,7.466666670000000,610228369
E023170060,-74.049999999999997,7.333333330000000,610178218
E016047020,-73.081111109999995,8.588611110000000,610303103
E029060320,-74.500000000000000,10.750000000000000,610071531
2904700095,-74.743686109999999,10.776000000000000,610126974
E025010080,-75.680000000000007,8.029999999999999,610311937
E015070100,-72.180000000000007,12.000000000000000,610031857
EV00000001,-74.480587999999997,10.410943000000000,610132274
EV00000002,-74.172128000000001,8.713153000000000,610187814
EV00000003,-74.979838999999998,8.639725000000000,610148220
EV00000004,-75.273550999999998,8.346012000000000,610200159
EV00000005,-74.208843000000002,8.199156000000000,610185207
EV00000006,-76.093226999999999,7.434208000000000,610249495
EV00000007,-77.586539000000002,7.391446000000000,610188775
EV00000008,-73.723419000000007,7.379415000000000,610307576
EV00000009,-74.476826000000003,7.283526000000000,610228385
EV00000010,-76.148020000000002,7.187638000000000,610209027
EV00000011,-76.518733999999995,6.748613000000000,610242495
EV00000012,-72.293931000000001,6.748613000000000,610049775
EV00000013,-69.952973999999998,6.513132000000000,610277709
EV00000014,-70.683668999999995,6.507555000000000,610314668
EV00000015,-71.148668000000001,6.467469000000000,610287393
EV00000016,-76.449475000000007,6.430021000000000,610258356
EV00000017,-74.898071999999999,6.194540000000000,610240767
EV00000018,-70.844014000000001,5.962384000000000,610063023
EV00000019,-70.340824999999995,5.917504000000000,610398306
EV00000020,-72.626373999999998,5.848245000000000,610240788
EV00000021,-68.214365999999998,5.713850000000000,610253997
EV00000022,-69.289153999999996,5.629169000000000,610258401
EV00000023,-74.805586000000005,5.516444000000000,610236408
EV00000024,-74.427109999999999,5.515801000000000,610310329
EV00000025,-71.199636999999996,5.391135000000000,610275136
EV00000026,-69.938068000000001,5.136610000000000,610294513
EV00000027,-72.003043000000005,5.127950000000000,610400990
EV00000028,-70.362979999999993,4.711698000000000,610288377
EV00000029,-72.626373999999998,4.573878000000000,610283983
EV00000030,-74.953479000000002,4.532322000000000,610313914
EV00000031,-68.627252999999996,4.362949000000002,610314798
EV00000032,-75.396737000000002,4.255286000000000,610314806
EV00000033,-76.684956000000000,4.227582000000000,670031934
EV00000034,-76.366365000000002,3.992102000000000,610243540
EV00000035,-70.571427999999997,3.990148000000000,610340341
EV00000035,-70.571427999999997,3.990148000000000,610291940
EV00000036,-69.934059000000005,3.962088000000000,610245304
EV00000037,-71.525476999999995,3.926010000000000,610244424
EV00000038,-75.784587999999999,3.562695000000000,610298126
EV00000039,-70.835995999999994,3.493080000000000,610338611
EV00000040,-71.782027999999997,3.412908000000000,610393176
EV00000041,-67.801479000000000,3.310689000000000,610290221
EV00000042,-68.434838999999997,3.230516000000000,610351827
EV00000043,-75.895403000000002,3.202548000000000,610271749
EV00000044,-69.356819000000002,3.094224000000000,610270875
EV00000045,-68.915871999999993,2.941896000000000,610410805
EV00000046,-74.463787999999994,2.819634000000000,610273532
EV00000047,-69.725611999999998,2.789569000000000,610170574
EV00000048,-76.130883999999995,2.690031000000000,610184659
EV00000049,-69.236560999999995,2.508967000000000,610212831
EV00000050,-74.888700999999998,2.506962000000000,620212050
EV00000051,-68.378719000000004,2.500949000000000,620202422
EV00000052,-70.030265999999997,2.492932000000000,610240991
EV00000053,-67.713290000000001,2.420777000000000,620254714
EV00000054,-71.360600000000005,2.363018000000000,610045639
EV00000055,-71.952375000000004,2.343292000000000,610284119
EV00000056,-70.808276000000006,2.264389000000000,610153006
EV00000057,-77.674683999999999,2.098084000000000,670042252
EV00000058,-69.741646000000003,2.060002000000000,620344172
EV00000059,-67.224238999999997,2.060002000000000,620082733
EV00000060,-69.196475000000007,2.051985000000000,620393708
EV00000061,-68.691389999999998,2.051985000000000,620388203
EV00000062,-74.263357999999997,1.937740000000000,620425362
EV00000063,-71.656486999999998,1.889598000000000,610149506
EV00000064,-72.465247000000005,1.731791000000000,620435005
EV00000065,-70.615522999999996,1.731296000000000,610094077
EV00000066,-70.190610000000007,1.723279000000000,620385469
EV00000067,-73.155652000000003,1.633162000000000,620609762
EV00000068,-71.144659000000004,1.554918000000000,620517576
EV00000069,-71.873472000000007,1.396451000000000,620465298
EV00000070,-66.999757000000002,1.386556000000000,620529966
EV00000071,-74.201121999999998,1.337274000000000,620695089
EV00000072,-73.648797999999999,1.317548000000000,620518963
EV00000073,-72.701958000000005,1.317548000000000,620406130
EV00000074,-71.340873999999999,1.179467000000000,620446044
EV00000075,-69.328836999999993,0.824402000000000,620635950
EV00000076,-76.043180000000007,0.805308000000000,620488721
EV00000077,-72.859763999999998,0.804676000000000,620556144
EV00000078,-73.865782999999993,0.765224000000000,620631825
EV00000079,-73.372636000000000,0.725772000000000,620514869
EV00000080,-71.577584000000002,0.706047000000000,620743283
EV00000081,-70.315129999999996,0.587692000000000,620649723
EV00000082,-75.618268000000000,0.516688000000000,620691007
EV00000083,-71.242244999999997,0.350981000000000,620519016
EV00000084,-73.846057000000002,0.252352000000000,620497005
EV00000085,-70.670195000000007,0.232626000000000,620543788
EV00000086,-75.281543999999997,0.187982000000000,620667633
EV00000087,-73.116200000000006,0.173449000000000,620677262
EV00000088,-71.459228999999993,0.094545000000000,620552055
EV00000089,-71.912924000000004,0.074819000000000,620825877
EV00000090,-70.275677999999999,-0.082987000000000,620813502
EV00000091,-71.557857999999996,-0.319698000000000,620549323
EV00000092,-71.143614999999997,-0.477504000000000,620696566
EV00000093,-69.920613000000003,-0.655037000000000,620568604
EV00000094,-70.591291999999996,-0.753666000000000,620704835
EV00000095,-73.155652000000003,-1.089006000000000,620552114
EV00000096,-72.179221999999996,-1.365168000000000,620612674
EV00000097,-71.597309999999993,-1.562426000000000,620633325
EV00000098,-71.094301000000002,-1.828725000000000,620575545
EV00000099,-72.662505999999993,-1.937217000000000,620742049
EV00000100,-70.630742999999995,-1.986532000000000,620575557
EV00000101,-69.733216999999996,-2.075298000000000,620619593
EV00000102,-72.228537000000003,-2.134476000000000,620658126
E015015050,-74.228888889999993,11.128333330000000,610046868
E014015080,-75.516027780000002,10.447250000000000,610164831
E015065180,-72.917694440000005,11.528222220000000,610023965
E028025502,-73.249444440000005,10.439444440000001,610164834
E013035501,-75.825138890000005,8.825833333000000,610185168
E012015070,-76.717833330000005,7.816666667000000,610209870
E023155030,-73.808611110000001,7.026388889000000,610202878
E023195502,-73.184527779999996,7.121472222000000,610317273
E027015330,-75.588972220000002,6.220611111000000,610198526
E023085270,-75.425833330000003,6.168611111000000,610281252
E026135040,-75.733861110000007,4.815861111000000,610403651
E026125061,-75.766388890000002,4.454666667000000,610261992
E026075040,-76.385583330000003,3.533333333000000,610240929
E011045010,-76.643861110000003,5.690555556000000,610349040
E035035020,-73.620500000000007,4.163444444000000,610411609
E025025080,-75.283055559999994,9.333888889000001,610159619
E025025160,-75.399583329999999,8.001111111000000,610309298
E025020470,-75.384444439999996,9.117777778000001,610161394
E014010020,-75.140111110000007,10.721888890000001,610105854
E025025030,-75.164500000000004,8.295194444000000,610281122
E029035030,-75.326583330000005,9.879444444000001,610192145
E028015070,-73.008777780000003,10.559861110000000,610028427
E025020250,-73.545361110000002,9.199722222000000,610187788
E025021240,-73.809861110000000,9.260083333000001,610174583
E029060170,-74.292888890000000,10.630694439999999,610100579
E028010370,-73.328555559999998,10.492361109999999,610170106
E028020150,-73.668833329999998,10.029972219999999,610155176
E029060270,-74.271916669999996,10.722500000000000,610089132
E023100050,-74.409999999999997,6.715833333000000,610372735
E023190350,-73.195361109999993,7.240138889000000,610198465
E016015020,-72.644999999999996,7.373111111000000,610180857
E023180020,-73.893055559999993,7.348611111000000,610184378
E016020080,-72.772777779999998,7.534166667000000,610313728
E024015250,-73.415388890000003,6.237166667000000,610263643
E024015280,-73.343611109999998,5.944722222000000,610298866
E024055040,-73.292000000000002,6.549722222000000,610347227
E023200010,-73.950555559999998,7.960277778000000,610252101
E024010670,-73.796388890000003,5.919722222000000,610026946
E023190590,-73.123888890000003,7.090277778000000,610271513
E023190440,-73.299722220000007,7.205000000000000,610187905
E024050100,-73.279888889999995,6.707250000000000,610282097
E016020140,-72.583888889999997,8.068611110999999,610289055
E035090050,-73.038861109999999,5.006027778000000,610426519
E023125140,-74.182416669999995,5.520833333000000,610267209
E024030260,-72.444611109999997,6.406805556000000,610305875
E024030310,-73.323999999999998,5.628916667000000,610350804
E035075010,-73.456500000000005,5.353805556000000,610298898
E035075040,-73.316694440000006,4.941055556000000,610401884
E024035040,-73.207944440000006,5.579444444000000,610364886
E035070210,-73.395638890000001,5.139250000000000,610020831
E023125090,-73.981027780000005,5.649472222000000,610278641
E021060100,-75.503583329999998,2.317166667000000,610169723
E035030090,-73.617833329999996,4.274777778000000,610247046
E032070120,-74.029944439999994,3.456555556000000,610250611
E035030290,-73.693111110000004,4.188805556000000,610437129
E021165010,-74.916944439999995,3.787638889000000,610374675
E026020470,-76.441388889999999,3.048388889000000,610249755
E054020010,-76.696416670000005,5.097722222000000,670055452
E047015040,-76.883611110000004,1.178916667000000,620452920
E047010150,-77.037305559999993,1.136750000000000,620527229
E044010090,-76.584194440000005,1.280500000000000,620740500
E052035040,-77.343611109999998,1.618500000000000,670042270
E024010170,-73.691055559999995,5.385888889000000,610269855
E023060200,-74.239166670000003,5.059694444000000,610278676
E021205700,-73.868111110000001,4.879861111000000,610283968
E044010040,-76.817083330000003,1.202111111000000,620457049
E011035010,-76.575833329999995,5.514722222000000,610433530
E022050070,-75.490944440000007,3.429500000000000,610014774
E032070020,-73.516666670000006,3.250000000000000,610279668
E024050070,-73.520555560000005,7.127166667000000,610305833
E024030950,-72.729722219999999,6.706388889000000,610219617
E024030320,-72.629999999999995,6.627500000000000,610275062
E016010020,-72.601388889999996,7.697222222000000,610307557
E016010060,-72.432222220000000,8.201944444000000,610220408
E016020370,-72.401666669999997,8.351388889000004,610314559
E016010340,-72.451944440000005,7.985000000000000,610304900
E016070040,-72.909444440000001,8.641111111000004,610198380
E016030030,-72.697444439999998,8.514944443999999,610271429
E035067130,-73.391944440000003,4.852527778000000,610308609
E024015360,-73.759000000000000,5.696222222000000,610404478
E026130560,-75.575138879999997,4.733027770000000,610298936
E016015010,-72.509165999999993,7.930277700000000,610302263
E021205791,-74.150666700000002,4.705583330000000,610465257
E023085110,-75.241333299999994,6.214250000000000,610349886
E024055030,-73.282749999999993,6.792777780000000,610193211
E029045190,-74.779777800000005,10.883336099999999,610069765
E052015010,-76.611944399999999,2.250000000000000,670056581
